Workbook

Sheet Dashboard
B2: RFI LOG DASHBOARD DP06
B5: TOTAL ITEMS | D5: PENDING | F5: RESPONDED
B7: =COUNTIF(RFI!$D$5:$D$5012,"?*") -> 96 | D7: =COUNTIFS(RFI!$D$5:$D$5012,"?*",RFI!$O$5:$O$5012,"open*") -> 35 | F7: =COUNTIFS(RFI!$D$5:$D$5012,"?*",RFI!$O$5:$O$5012,"Response*") -> 61
B11: Discipline | C11: Total | D11: Pending | E11: Responded | F11: Response Rate
B12: Architectural | C12: =COUNTIF(RFI!$Q$5:$Q$4998,B12) -> 10 | D12: =COUNTIFS(RFI!$Q$5:$Q$4998,B12,RFI!$O$5:$O$5012,"open*") -> #VALUE! | E12: =COUNTIFS(RFI!$Q$5:$Q$4998,B12,RFI!$O$5:$O$5012,"Response*") -> #VALUE! | F12: =IFERROR(E12/C12,0) -> 0
B13: Structural | C13: =COUNTIF(RFI!$Q$5:$Q$4998,B13) -> 61 | D13: =COUNTIFS(RFI!$Q$5:$Q$4998,B13,RFI!$O$5:$O$5012,"open*") -> #VALUE! | E13: =COUNTIFS(RFI!$Q$5:$Q$4998,B13,RFI!$O$5:$O$5012,"Response*") -> #VALUE! | F13: =IFERROR(E13/C13,0) -> 0
B14: Mechanical | C14: =COUNTIF(RFI!$Q$5:$Q$4998,B14) -> 4 | D14: =COUNTIFS(RFI!$Q$5:$Q$4998,B14,RFI!$O$5:$O$5012,"open*") -> #VALUE! | E14: =COUNTIFS(RFI!$Q$5:$Q$4998,B14,RFI!$O$5:$O$5012,"Response*") -> #VALUE! | F14: =IFERROR(E14/C14,0) -> 0
B15: Electrical | C15: =COUNTIF(RFI!$Q$5:$Q$4998,B15) -> 5 | D15: =COUNTIFS(RFI!$Q$5:$Q$4998,B15,RFI!$O$5:$O$5012,"open*") -> #VALUE! | E15: =COUNTIFS(RFI!$Q$5:$Q$4998,B15,RFI!$O$5:$O$5012,"Response*") -> #VALUE! | F15: =IFERROR(E15/C15,0) -> 0
B16: General | C16: =COUNTIF(RFI!$Q$5:$Q$4998,B16) -> 1 | D16: =COUNTIFS(RFI!$Q$5:$Q$4998,B16,RFI!$O$5:$O$5012,"open*") -> #VALUE! | E16: =COUNTIFS(RFI!$Q$5:$Q$4998,B16,RFI!$O$5:$O$5012,"Response*") -> #VALUE! | F16: =IFERROR(E16/C16,0) -> 0
B17: GRAND TOTAL | C17: =SUM(C12:C16) -> 81 | D17: =SUM(D12:D16) -> #VALUE! | E17: =SUM(E12:E16) -> #VALUE! | F17: =IFERROR(E17/C17,0) -> 0
B19: Month | C19: Total | D19: Pending | E19: Responded
B20: 46174 | C20: =COUNTIFS(RFI!$R$5:$R$4998,">="&B20,RFI!$R$5:$R$4998,"<"&EDATE(B20,1)) -> 6 | D20: =COUNTIFS(RFI!$R$5:$R$4998,">="&B20,RFI!$R$5:$R$4998,"<"&EDATE(B20,1),RFI!$O$5:$O$5012,"open*") -> #VALUE! | E20: =COUNTIFS(RFI!$R$5:$R$4998,">="&B20,RFI!$R$5:$R$4998,"<"&EDATE(B20,1),RFI!$O$5:$O$5012,"Response*") -> #VALUE!
B21: 46204 | C21: =COUNTIFS(RFI!$R$5:$R$4998,">="&B21,RFI!$R$5:$R$4998,"<"&EDATE(B21,1)) -> 9 | D21: =COUNTIFS(RFI!$R$5:$R$4998,">="&B21,RFI!$R$5:$R$4998,"<"&EDATE(B21,1),RFI!$O$5:$O$5012,"open*") -> #VALUE! | E21: =COUNTIFS(RFI!$R$5:$R$4998,">="&B21,RFI!$R$5:$R$4998,"<"&EDATE(B21,1),RFI!$O$5:$O$5012,"Response*") -> #VALUE!
B22: 46235 | C22: =COUNTIFS(RFI!$R$5:$R$4998,">="&B22,RFI!$R$5:$R$4998,"<"&EDATE(B22,1)) -> 21 | D22: =COUNTIFS(RFI!$R$5:$R$4998,">="&B22,RFI!$R$5:$R$4998,"<"&EDATE(B22,1),RFI!$O$5:$O$5012,"open*") -> #VALUE! | E22: =COUNTIFS(RFI!$R$5:$R$4998,">="&B22,RFI!$R$5:$R$4998,"<"&EDATE(B22,1),RFI!$O$5:$O$5012,"Response*") -> #VALUE!
B23: 46266 | C23: =COUNTIFS(RFI!$R$5:$R$4998,">="&B23,RFI!$R$5:$R$4998,"<"&EDATE(B23,1)) -> 41 | D23: =COUNTIFS(RFI!$R$5:$R$4998,">="&B23,RFI!$R$5:$R$4998,"<"&EDATE(B23,1),RFI!$O$5:$O$5012,"open*") -> #VALUE! | E23: =COUNTIFS(RFI!$R$5:$R$4998,">="&B23,RFI!$R$5:$R$4998,"<"&EDATE(B23,1),RFI!$O$5:$O$5012,"Response*") -> #VALUE!
B24: 46296 | C24: =COUNTIFS(RFI!$R$5:$R$4998,">="&B24,RFI!$R$5:$R$4998,"<"&EDATE(B24,1)) -> 4 | D24: =COUNTIFS(RFI!$R$5:$R$4998,">="&B24,RFI!$R$5:$R$4998,"<"&EDATE(B24,1),RFI!$O$5:$O$5012,"open*") -> #VALUE! | E24: =COUNTIFS(RFI!$R$5:$R$4998,">="&B24,RFI!$R$5:$R$4998,"<"&EDATE(B24,1),RFI!$O$5:$O$5012,"Response*") -> #VALUE!
B26: Discipline | D26: Pending | E26: Responded
B27: Architectural | D27: =COUNTIFS(RFI!$Q$5:$Q$4998,B27,RFI!$O$5:$O$5012,"open*") -> #VALUE! | E27: =COUNTIFS(RFI!$Q$5:$Q$4998,B27,RFI!$O$5:$O$5012,"Response*") -> #VALUE!
B28: Structural | D28: =COUNTIFS(RFI!$Q$5:$Q$4998,B28,RFI!$O$5:$O$5012,"open*") -> #VALUE! | E28: =COUNTIFS(RFI!$Q$5:$Q$4998,B28,RFI!$O$5:$O$5012,"Response*") -> #VALUE!
B29: Mechanical | D29: =COUNTIFS(RFI!$Q$5:$Q$4998,B29,RFI!$O$5:$O$5012,"open*") -> #VALUE! | E29: =COUNTIFS(RFI!$Q$5:$Q$4998,B29,RFI!$O$5:$O$5012,"Response*") -> #VALUE!
B30: Electrical | D30: =COUNTIFS(RFI!$Q$5:$Q$4998,B30,RFI!$O$5:$O$5012,"open*") -> #VALUE! | E30: =COUNTIFS(RFI!$Q$5:$Q$4998,B30,RFI!$O$5:$O$5012,"Response*") -> #VALUE!
B31: General | D31: =COUNTIFS(RFI!$Q$5:$Q$4998,B31,RFI!$O$5:$O$5012,"open*") -> #VALUE! | E31: =COUNTIFS(RFI!$Q$5:$Q$4998,B31,RFI!$O$5:$O$5012,"Response*") -> #VALUE!

Sheet RFI
A1: (RFI) - Request For Information Log For Design Pakage DP06 | O1: ALL | P1: =COUNTIF(D$5:D$5012,"?*") -> 96
O2: Response | P2: =COUNTIFS(D$5:D$5012,"?*",O$5:O$5012,"Response*") -> 61
A3: HAC TO HILL | G3: Hill to shaker | I3: Hill to AEDAS | K3: Dewan to hill | M3: hill TO HAC | O3: open | P3: =COUNTIFS(D$5:D$5012,"?*",O$5:O$5012,"open*") -> 35
A4: Mail No | B4: Mail No | C4: REV | D4: RFI No | E4: Subject | F4: Date | G4: Mail No2 | H4: Date3 | I4: Mail No4 | J4: Date5 | K4: Mail No6 | L4: Date7 | M4: Mail No8 | N4: Date9 | O4: Status | P4: Notes | Q4: Discipline (Auto) | R4: RFI Date (Auto)
B5: HAC-RFI-000057 | C5: 0 | D5: P1000-K03206-HA-HI-ST-RFI-000001 | E5: for Missing Details Related to Hotel Excavation and Blinding Works (DP6-Hotel). | F5: 46193 | G5: HillInt-RFI-000587 | H5: 24/06/2026 | M5: HillInt-RTRFI-000754 | N5: 46212 | O5: Response | Q5: =IF(COUNTA(A5:P5)=0,"",IF(ISNUMBER(SEARCH("-AR-",E5)),"Architectural",IF(ISNUMBER(SEARCH("-ST-",E5)),"Structural",IF(ISNUMBER(SEARCH("-ME-",E5)),"Mechanical",IF(ISNUMBER(SEARCH("-EL-",E5)),"Electrical",IF(ISNUMBER(SEARCH("-GE-",E5)),"General",IF(ISNUMBER(SEARCH("-AR-",D5)),"Architectural",IF(ISNUMBER(SEARCH("-ST-",D5)),"Structural",IF(ISNUMBER(SEARCH("-ME-",D5)),"Mechanical",IF(ISNUMBER(SEARCH("-EL-",D5)),"Electrical",IF(ISNUMBER(SEARCH("-GE-",D5)),"General","Other"))))))))))) -> Structural | R5: =IF(F5="","",IFERROR(IF(ISNUMBER(F5),F5,DATEVALUE(F5)),"")) -> 46193
B6: HAC-RFI-000058 | C6: 0 | D6: P1000-K03206-HA-HI-ST-RFI-000002 | E6: for Proposed Project Sign Board Location for Approval (At the entrance of DP06 project). | F6: 46193 | G6: HillInt-RFI-000588 | H6: 24/06/2026 | M6: HillInt-RTRFI-000750 3 39 1 | N6: 46212 | O6: Response | Q6: =IF(COUNTA(A6:P6)=0,"",IF(ISNUMBER(SEARCH("-AR-",E6)),"Architectural",IF(ISNUMBER(SEARCH("-ST-",E6)),"Structural",IF(ISNUMBER(SEARCH("-ME-",E6)),"Mechanical",IF(ISNUMBER(SEARCH("-EL-",E6)),"Electrical",IF(ISNUMBER(SEARCH("-GE-",E6)),"General",IF(ISNUMBER(SEARCH("-AR-",D6)),"Architectural",IF(ISNUMBER(SEARCH("-ST-",D6)),"Structural",IF(ISNUMBER(SEARCH("-ME-",D6)),"Mechanical",IF(ISNUMBER(SEARCH("-EL-",D6)),"Electrical",IF(ISNUMBER(SEARCH("-GE-",D6)),"General","Other"))))))))))) -> Structural | R6: =IF(F6="","",IFERROR(IF(ISNUMBER(F6),F6,DATEVALUE(F6)),"")) -> 46193
B7: HAC-RFI-000146 | C7: 1 | D7: P1000-K03206-HA-HI-ST-RFI-000002 | E7: for Proposed Project Sign Board Location for Approval (At the entrance of DP06 project). | F7: 46303 | G7: HillInt-RFI-000910 | H7: 46246 | I7: HillInt-RFI-000910 | J7: 46246 | M7: HillInt-GNC-004142 | O7: Response | Q7: =IF(COUNTA(A7:P7)=0,"",IF(ISNUMBER(SEARCH("-AR-",E7)),"Architectural",IF(ISNUMBER(SEARCH("-ST-",E7)),"Structural",IF(ISNUMBER(SEARCH("-ME-",E7)),"Mechanical",IF(ISNUMBER(SEARCH("-EL-",E7)),"Electrical",IF(ISNUMBER(SEARCH("-GE-",E7)),"General",IF(ISNUMBER(SEARCH("-AR-",D7)),"Architectural",IF(ISNUMBER(SEARCH("-ST-",D7)),"Structural",IF(ISNUMBER(SEARCH("-ME-",D7)),"Mechanical",IF(ISNUMBER(SEARCH("-EL-",D7)),"Electrical",IF(ISNUMBER(SEARCH("-GE-",D7)),"General","Other"))))))))))) -> Structural | R7: =IF(F7="","",IFERROR(IF(ISNUMBER(F7),F7,DATEVALUE(F7)),"")) -> 46303
A8: CCCEGY-RFI-000001 | B8: HAC-RFI-000059 | C8: 0 | D8: P1000-K03206-HA-HI-ST-RFI-000003 | E8: for DP06 Dump area, Main Mobilizations and Site Mobilization Location. | F8: 46193 | G8: HillInt-RFI-000589 | H8: 24/06/2026 | M8: HillInt-RTRFI-000751 | N8: 46212 | O8: Response | Q8: =IF(COUNTA(A8:P8)=0,"",IF(ISNUMBER(SEARCH("-AR-",E8)),"Architectural",IF(ISNUMBER(SEARCH("-ST-",E8)),"Structural",IF(ISNUMBER(SEARCH("-ME-",E8)),"Mechanical",IF(ISNUMBER(SEARCH("-EL-",E8)),"Electrical",IF(ISNUMBER(SEARCH("-GE-",E8)),"General",IF(ISNUMBER(SEARCH("-AR-",D8)),"Architectural",IF(ISNUMBER(SEARCH("-ST-",D8)),"Structural",IF(ISNUMBER(SEARCH("-ME-",D8)),"Mechanical",IF(ISNUMBER(SEARCH("-EL-",D8)),"Electrical",IF(ISNUMBER(SEARCH("-GE-",D8)),"General","Other"))))))))))) -> Structural | R8: =IF(F8="","",IFERROR(IF(ISNUMBER(F8),F8,DATEVALUE(F8)),"")) -> 46193
A9: CCCEGY-RFI-000002 | B9: HAC-RFI-000060 | C9: 0 | D9: P1000-K03206-HA-HI-ST-RFI-000004 | E9: for DP06 Access Roads approval (At the entrance of DP06 project). | F9: 46193 | G9: HillInt-RFI-000590 | H9: 24/06/2026 | O9: open | Q9: =IF(COUNTA(A9:P9)=0,"",IF(ISNUMBER(SEARCH("-AR-",E9)),"Architectural",IF(ISNUMBER(SEARCH("-ST-",E9)),"Structural",IF(ISNUMBER(SEARCH("-ME-",E9)),"Mechanical",IF(ISNUMBER(SEARCH("-EL-",E9)),"Electrical",IF(ISNUMBER(SEARCH("-GE-",E9)),"General",IF(ISNUMBER(SEARCH("-AR-",D9)),"Architectural",IF(ISNUMBER(SEARCH("-ST-",D9)),"Structural",IF(ISNUMBER(SEARCH("-ME-",D9)),"Mechanical",IF(ISNUMBER(SEARCH("-EL-",D9)),"Electrical",IF(ISNUMBER(SEARCH("-GE-",D9)),"General","Other"))))))))))) -> Structural | R9: =IF(F9="","",IFERROR(IF(ISNUMBER(F9),F9,DATEVALUE(F9)),"")) -> 46193
A10: CCCEGY-RFI-000003 | B10: HAC-RFI-000061 | C10: 0 | D10: P1000-K03206-HA-HI-ST-RFI-000005 | E10: for Request for Temporary 12 m Boundary Offset for Construction Access (DP6). | F10: 46193 | G10: HillInt-RFI-000591 | H10: 24/06/2026 | M10: SHKECGCR-RTRFI-000010 | N10: 46204 | O10: Response | Q10: =IF(COUNTA(A10:P10)=0,"",IF(ISNUMBER(SEARCH("-AR-",E10)),"Architectural",IF(ISNUMBER(SEARCH("-ST-",E10)),"Structural",IF(ISNUMBER(SEARCH("-ME-",E10)),"Mechanical",IF(ISNUMBER(SEARCH("-EL-",E10)),"Electrical",IF(ISNUMBER(SEARCH("-GE-",E10)),"General",IF(ISNUMBER(SEARCH("-AR-",D10)),"Architectural",IF(ISNUMBER(SEARCH("-ST-",D10)),"Structural",IF(ISNUMBER(SEARCH("-ME-",D10)),"Mechanical",IF(ISNUMBER(SEARCH("-EL-",D10)),"Electrical",IF(ISNUMBER(SEARCH("-GE-",D10)),"General","Other"))))))))))) -> Structural | R10: =IF(F10="","",IFERROR(IF(ISNUMBER(F10),F10,DATEVALUE(F10)),"")) -> 46193
B11: HAC-RFI-000069 | C11: 0 | D11: P1000-K03206-HA-HI-ST-RFI-000006 | E11: for Existing Military Building Obstructing Villa C1-25 and Access Road (DP6-Villa C1-25). | F11: 46193 | G11: HAC-RFI-000069 | H11: 25/06/2026 | M11: HillInt-RTRFI-000753 | N11: 46212 | O11: Response | Q11: =IF(COUNTA(A11:P11)=0,"",IF(ISNUMBER(SEARCH("-AR-",E11)),"Architectural",IF(ISNUMBER(SEARCH("-ST-",E11)),"Structural",IF(ISNUMBER(SEARCH("-ME-",E11)),"Mechanical",IF(ISNUMBER(SEARCH("-EL-",E11)),"Electrical",IF(ISNUMBER(SEARCH("-GE-",E11)),"General",IF(ISNUMBER(SEARCH("-AR-",D11)),"Architectural",IF(ISNUMBER(SEARCH("-ST-",D11)),"Structural",IF(ISNUMBER(SEARCH("-ME-",D11)),"Mechanical",IF(ISNUMBER(SEARCH("-EL-",D11)),"Electrical",IF(ISNUMBER(SEARCH("-GE-",D11)),"General","Other"))))))))))) -> Structural | R11: =IF(F11="","",IFERROR(IF(ISNUMBER(F11),F11,DATEVALUE(F11)),"")) -> 46193
B12: HAC-RFI-000080 | C12: 0 | D12: P1000-K03206-HA-HI-AR-RFI-000007 | E12: for Request for Approval of Proposed Hotel Mock-Up Strategy ( At Hotel of DP06 project). | F12: 46206 | I12: HillInt-RFI-000622 | J12: 46207 | O12: open | Q12: =IF(COUNTA(A12:P12)=0,"",IF(ISNUMBER(SEARCH("-AR-",E12)),"Architectural",IF(ISNUMBER(SEARCH("-ST-",E12)),"Structural",IF(ISNUMBER(SEARCH("-ME-",E12)),"Mechanical",IF(ISNUMBER(SEARCH("-EL-",E12)),"Electrical",IF(ISNUMBER(SEARCH("-GE-",E12)),"General",IF(ISNUMBER(SEARCH("-AR-",D12)),"Architectural",IF(ISNUMBER(SEARCH("-ST-",D12)),"Structural",IF(ISNUMBER(SEARCH("-ME-",D12)),"Mechanical",IF(ISNUMBER(SEARCH("-EL-",D12)),"Electrical",IF(ISNUMBER(SEARCH("-GE-",D12)),"General","Other"))))))))))) -> Architectural | R12: =IF(F12="","",IFERROR(IF(ISNUMBER(F12),F12,DATEVALUE(F12)),"")) -> 46206
B13: HAC-RFI-000081 | C13: 0 | D13: P1000-K03206-HA-HI-AR-RFI-000008 | E13: Request for Approval of Proposed Villas Mock-Up Strategy (Villa mockups). | F13: 46206 | I13: HillInt-RFI-000621 | J13: 46207 | M13: HillInt-RTRFI-001118 | N13: 46261 | O13: Response | Q13: =IF(COUNTA(A13:P13)=0,"",IF(ISNUMBER(SEARCH("-AR-",E13)),"Architectural",IF(ISNUMBER(SEARCH("-ST-",E13)),"Structural",IF(ISNUMBER(SEARCH("-ME-",E13)),"Mechanical",IF(ISNUMBER(SEARCH("-EL-",E13)),"Electrical",IF(ISNUMBER(SEARCH("-GE-",E13)),"General",IF(ISNUMBER(SEARCH("-AR-",D13)),"Architectural",IF(ISNUMBER(SEARCH("-ST-",D13)),"Structural",IF(ISNUMBER(SEARCH("-ME-",D13)),"Mechanical",IF(ISNUMBER(SEARCH("-EL-",D13)),"Electrical",IF(ISNUMBER(SEARCH("-GE-",D13)),"General","Other"))))))))))) -> Architectural | R13: =IF(F13="","",IFERROR(IF(ISNUMBER(F13),F13,DATEVALUE(F13)),"")) -> 46206
B14: HAC-RFI-000097 | C14: 0 | D14: P1000-K03206-HA-HI-GE-RFI-000009 | E14: P1000-K03206-HA-HI-GE-RFI-000009 for DP6 Drawing Naming Convention. | F14: 46216 | I14: HillInt-RFI-001084 | J14: 46261 | O14: open | Q14: =IF(COUNTA(A14:P14)=0,"",IF(ISNUMBER(SEARCH("-AR-",E14)),"Architectural",IF(ISNUMBER(SEARCH("-ST-",E14)),"Structural",IF(ISNUMBER(SEARCH("-ME-",E14)),"Mechanical",IF(ISNUMBER(SEARCH("-EL-",E14)),"Electrical",IF(ISNUMBER(SEARCH("-GE-",E14)),"General",IF(ISNUMBER(SEARCH("-AR-",D14)),"Architectural",IF(ISNUMBER(SEARCH("-ST-",D14)),"Structural",IF(ISNUMBER(SEARCH("-ME-",D14)),"Mechanical",IF(ISNUMBER(SEARCH("-EL-",D14)),"Electrical",IF(ISNUMBER(SEARCH("-GE-",D14)),"General","Other"))))))))))) -> General | R14: =IF(F14="","",IFERROR(IF(ISNUMBER(F14),F14,DATEVALUE(F14)),"")) -> 46216
B15: HAC-RFI-000117 | C15: 0 | D15: P1000-K03206-HA-HI-GE-RFI-000010 | E15: P1000-K03206-HA-HI-EL-RFI-000010 for Mockup's Lighting Shopdrawing Requirement (3BR VIP suit mockup). | F15: 46233 | I15: HillInt-RFI-000895 | J15: 46248 | O15: open | Q15: =IF(COUNTA(A15:P15)=0,"",IF(ISNUMBER(SEARCH("-AR-",E15)),"Architectural",IF(ISNUMBER(SEARCH("-ST-",E15)),"Structural",IF(ISNUMBER(SEARCH("-ME-",E15)),"Mechanical",IF(ISNUMBER(SEARCH("-EL-",E15)),"Electrical",IF(ISNUMBER(SEARCH("-GE-",E15)),"General",IF(ISNUMBER(SEARCH("-AR-",D15)),"Architectural",IF(ISNUMBER(SEARCH("-ST-",D15)),"Structural",IF(ISNUMBER(SEARCH("-ME-",D15)),"Mechanical",IF(ISNUMBER(SEARCH("-EL-",D15)),"Electrical",IF(ISNUMBER(SEARCH("-GE-",D15)),"General","Other"))))))))))) -> Electrical | R15: =IF(F15="","",IFERROR(IF(ISNUMBER(F15),F15,DATEVALUE(F15)),"")) -> 46233
B16: HAC-RFI-000118 | C16: 0 | D16: P1000-K03206-HA-HI-GE-RFI-000011 | E16: P1000-K03206-HA-HI-EL-RFI-000011 for Mockup's Emergency Lighting Shopdrawing Requirement (3BR VIP suit mockup). | F16: 46233 | I16: HillInt-RFI-000896 | J16: 46248 | O16: open | Q16: =IF(COUNTA(A16:P16)=0,"",IF(ISNUMBER(SEARCH("-AR-",E16)),"Architectural",IF(ISNUMBER(SEARCH("-ST-",E16)),"Structural",IF(ISNUMBER(SEARCH("-ME-",E16)),"Mechanical",IF(ISNUMBER(SEARCH("-EL-",E16)),"Electrical",IF(ISNUMBER(SEARCH("-GE-",E16)),"General",IF(ISNUMBER(SEARCH("-AR-",D16)),"Architectural",IF(ISNUMBER(SEARCH("-ST-",D16)),"Structural",IF(ISNUMBER(SEARCH("-ME-",D16)),"Mechanical",IF(ISNUMBER(SEARCH("-EL-",D16)),"Electrical",IF(ISNUMBER(SEARCH("-GE-",D16)),"General","Other"))))))))))) -> Electrical | R16: =IF(F16="","",IFERROR(IF(ISNUMBER(F16),F16,DATEVALUE(F16)),"")) -> 46233
B17: HAC-RFI-000119 | C17: 0 | D17: P1000-K03206-HA-HI-GE-RFI-000012 | E17: P1000-K03206-HA-HI-EL-RFI-000012 for Mockup's Voice and Data Shopdrawing Requirement (3BR VIP suit mockup). | F17: 46233 | I17: HillInt-RFI-000897 | J17: 46248 | O17: open | Q17: =IF(COUNTA(A17:P17)=0,"",IF(ISNUMBER(SEARCH("-AR-",E17)),"Architectural",IF(ISNUMBER(SEARCH("-ST-",E17)),"Structural",IF(ISNUMBER(SEARCH("-ME-",E17)),"Mechanical",IF(ISNUMBER(SEARCH("-EL-",E17)),"Electrical",IF(ISNUMBER(SEARCH("-GE-",E17)),"General",IF(ISNUMBER(SEARCH("-AR-",D17)),"Architectural",IF(ISNUMBER(SEARCH("-ST-",D17)),"Structural",IF(ISNUMBER(SEARCH("-ME-",D17)),"Mechanical",IF(ISNUMBER(SEARCH("-EL-",D17)),"Electrical",IF(ISNUMBER(SEARCH("-GE-",D17)),"General","Other"))))))))))) -> Electrical | R17: =IF(F17="","",IFERROR(IF(ISNUMBER(F17),F17,DATEVALUE(F17)),"")) -> 46233
B18: HAC-RFI-000120 | C18: 0 | D18: P1000-K03206-HA-HI-GE-RFI-000013 | E18: P1000-K03206-HA-HI-EL-RFI-000013 for Mockup's Fire Alarm Shop drawing Requirement (3BR VIP suit mockup). | F18: 46233 | I18: HillInt-RFI-000898 | J18: 46248 | O18: open | Q18: =IF(COUNTA(A18:P18)=0,"",IF(ISNUMBER(SEARCH("-AR-",E18)),"Architectural",IF(ISNUMBER(SEARCH("-ST-",E18)),"Structural",IF(ISNUMBER(SEARCH("-ME-",E18)),"Mechanical",IF(ISNUMBER(SEARCH("-EL-",E18)),"Electrical",IF(ISNUMBER(SEARCH("-GE-",E18)),"General",IF(ISNUMBER(SEARCH("-AR-",D18)),"Architectural",IF(ISNUMBER(SEARCH("-ST-",D18)),"Structural",IF(ISNUMBER(SEARCH("-ME-",D18)),"Mechanical",IF(ISNUMBER(SEARCH("-EL-",D18)),"Electrical",IF(ISNUMBER(SEARCH("-GE-",D18)),"General","Other"))))))))))) -> Electrical | R18: =IF(F18="","",IFERROR(IF(ISNUMBER(F18),F18,DATEVALUE(F18)),"")) -> 46233
B19: HAC-RFI-000121 | C19: 0 | D19: P1000-K03206-HA-HI-GE-RFI-000014 | E19: P1000-K03206-HA-HI-EL-RFI-000014 for Mockup's Power Shop drawing Requirement (3BR VIP suit mockup). | F19: 46233 | I19: HillInt-RFI-000899 | J19: 46248 | O19: open | Q19: =IF(COUNTA(A19:P19)=0,"",IF(ISNUMBER(SEARCH("-AR-",E19)),"Architectural",IF(ISNUMBER(SEARCH("-ST-",E19)),"Structural",IF(ISNUMBER(SEARCH("-ME-",E19)),"Mechanical",IF(ISNUMBER(SEARCH("-EL-",E19)),"Electrical",IF(ISNUMBER(SEARCH("-GE-",E19)),"General",IF(ISNUMBER(SEARCH("-AR-",D19)),"Architectural",IF(ISNUMBER(SEARCH("-ST-",D19)),"Structural",IF(ISNUMBER(SEARCH("-ME-",D19)),"Mechanical",IF(ISNUMBER(SEARCH("-EL-",D19)),"Electrical",IF(ISNUMBER(SEARCH("-GE-",D19)),"General","Other"))))))))))) -> Electrical | R19: =IF(F19="","",IFERROR(IF(ISNUMBER(F19),F19,DATEVALUE(F19)),"")) -> 46233
B20: HAC-RFI-000122 | C20: 0 | D20: P1000-K03206-HA-HI-GE-RFI-000015 | E20: P1000-K03206-HA-HI-ST-RFI-000015 for Clarification of Structural Reinforcement Details - DP06 project–Villa Type ( A&D). | F20: 46233 | I20: HillInt-RFI-000876 | J20: 46243 | M20: HillInt-RTCL-001037 | N20: 46248 | O20: Response | Q20: =IF(COUNTA(A20:P20)=0,"",IF(ISNUMBER(SEARCH("-AR-",E20)),"Architectural",IF(ISNUMBER(SEARCH("-ST-",E20)),"Structural",IF(ISNUMBER(SEARCH("-ME-",E20)),"Mechanical",IF(ISNUMBER(SEARCH("-EL-",E20)),"Electrical",IF(ISNUMBER(SEARCH("-GE-",E20)),"General",IF(ISNUMBER(SEARCH("-AR-",D20)),"Architectural",IF(ISNUMBER(SEARCH("-ST-",D20)),"Structural",IF(ISNUMBER(SEARCH("-ME-",D20)),"Mechanical",IF(ISNUMBER(SEARCH("-EL-",D20)),"Electrical",IF(ISNUMBER(SEARCH("-GE-",D20)),"General","Other"))))))))))) -> Structural | R20: =IF(F20="","",IFERROR(IF(ISNUMBER(F20),F20,DATEVALUE(F20)),"")) -> 46233
B21: HAC-RFI-000123 | C21: 0 | D21: P1000-K03206-HA-HI-GE-RFI-000016 | E21: P1000-K03206-HA-HI-ME-RFI-000016 for 3BR VIP Suite Type 1 Guest Room Mockup (drainage plan). | F21: 46236 | I21: HillInt-RFI-000900 | J21: 46248 | O21: open | Q21: =IF(COUNTA(A21:P21)=0,"",IF(ISNUMBER(SEARCH("-AR-",E21)),"Architectural",IF(ISNUMBER(SEARCH("-ST-",E21)),"Structural",IF(ISNUMBER(SEARCH("-ME-",E21)),"Mechanical",IF(ISNUMBER(SEARCH("-EL-",E21)),"Electrical",IF(ISNUMBER(SEARCH("-GE-",E21)),"General",IF(ISNUMBER(SEARCH("-AR-",D21)),"Architectural",IF(ISNUMBER(SEARCH("-ST-",D21)),"Structural",IF(ISNUMBER(SEARCH("-ME-",D21)),"Mechanical",IF(ISNUMBER(SEARCH("-EL-",D21)),"Electrical",IF(ISNUMBER(SEARCH("-GE-",D21)),"General","Other"))))))))))) -> Mechanical | R21: =IF(F21="","",IFERROR(IF(ISNUMBER(F21),F21,DATEVALUE(F21)),"")) -> 46236
B22: HAC-RFI-000124 | C22: 0 | D22: P1000-K03206-HA-HI-GE-RFI-000017 | E22: P1000-K03206-HA-HI-ME-RFI-000017 for 3BR VIP Suite Type 1 Guest Room Mockup (fire protection systems plan) | F22: 46236 | I22: HillInt-RFI-000901 | J22: 46248 | O22: open | Q22: =IF(COUNTA(A22:P22)=0,"",IF(ISNUMBER(SEARCH("-AR-",E22)),"Architectural",IF(ISNUMBER(SEARCH("-ST-",E22)),"Structural",IF(ISNUMBER(SEARCH("-ME-",E22)),"Mechanical",IF(ISNUMBER(SEARCH("-EL-",E22)),"Electrical",IF(ISNUMBER(SEARCH("-GE-",E22)),"General",IF(ISNUMBER(SEARCH("-AR-",D22)),"Architectural",IF(ISNUMBER(SEARCH("-ST-",D22)),"Structural",IF(ISNUMBER(SEARCH("-ME-",D22)),"Mechanical",IF(ISNUMBER(SEARCH("-EL-",D22)),"Electrical",IF(ISNUMBER(SEARCH("-GE-",D22)),"General","Other"))))))))))) -> Mechanical | R22: =IF(F22="","",IFERROR(IF(ISNUMBER(F22),F22,DATEVALUE(F22)),"")) -> 46236
B23: HAC-RFI-000125 | C23: 0 | D23: P1000-K03206-HA-HI-GE-RFI-000018 | E23: P1000-K03206-HA-HI-ME-RFI-000018 for 3BR VIP Suite Type 1 Guest Room Mockup (HVAC plan). | F23: 46236 | I23: HillInt-RFI-000902 | J23: 46248 | O23: open | Q23: =IF(COUNTA(A23:P23)=0,"",IF(ISNUMBER(SEARCH("-AR-",E23)),"Architectural",IF(ISNUMBER(SEARCH("-ST-",E23)),"Structural",IF(ISNUMBER(SEARCH("-ME-",E23)),"Mechanical",IF(ISNUMBER(SEARCH("-EL-",E23)),"Electrical",IF(ISNUMBER(SEARCH("-GE-",E23)),"General",IF(ISNUMBER(SEARCH("-AR-",D23)),"Architectural",IF(ISNUMBER(SEARCH("-ST-",D23)),"Structural",IF(ISNUMBER(SEARCH("-ME-",D23)),"Mechanical",IF(ISNUMBER(SEARCH("-EL-",D23)),"Electrical",IF(ISNUMBER(SEARCH("-GE-",D23)),"General","Other"))))))))))) -> Mechanical | R23: =IF(F23="","",IFERROR(IF(ISNUMBER(F23),F23,DATEVALUE(F23)),"")) -> 46236
B24: HAC-RFI-000126 | C24: 0 | D24: P1000-K03206-HA-HI-GE-RFI-000019 | E24: P1000-K03206-HA-HI-ME-RFI-000019 for 3BR VIP Suite Type 1 ater supply systems plan).Guest Room Mockup (w | F24: 46236 | I24: HillInt-RFI-000903 | J24: 46248 | O24: open | Q24: =IF(COUNTA(A24:P24)=0,"",IF(ISNUMBER(SEARCH("-AR-",E24)),"Architectural",IF(ISNUMBER(SEARCH("-ST-",E24)),"Structural",IF(ISNUMBER(SEARCH("-ME-",E24)),"Mechanical",IF(ISNUMBER(SEARCH("-EL-",E24)),"Electrical",IF(ISNUMBER(SEARCH("-GE-",E24)),"General",IF(ISNUMBER(SEARCH("-AR-",D24)),"Architectural",IF(ISNUMBER(SEARCH("-ST-",D24)),"Structural",IF(ISNUMBER(SEARCH("-ME-",D24)),"Mechanical",IF(ISNUMBER(SEARCH("-EL-",D24)),"Electrical",IF(ISNUMBER(SEARCH("-GE-",D24)),"General","Other"))))))))))) -> Mechanical | R24: =IF(F24="","",IFERROR(IF(ISNUMBER(F24),F24,DATEVALUE(F24)),"")) -> 46236
B25: HAC-RFI-000127 | C25: 0 | D25: P1000-K03206-HA-HI-GE-RFI-000020 | E25: P1000-K03206-HA-HI-AR-RFI-000020 For Conflicts Between Structural IFC and Architectural Schematic Design. | F25: 46236 | I25: HillInt-RFI-000877 | J25: 9 August 2026 | M25: HillInt-RTCL-001036 | N25: 46248 | O25: Response | Q25: =IF(COUNTA(A25:P25)=0,"",IF(ISNUMBER(SEARCH("-AR-",E25)),"Architectural",IF(ISNUMBER(SEARCH("-ST-",E25)),"Structural",IF(ISNUMBER(SEARCH("-ME-",E25)),"Mechanical",IF(ISNUMBER(SEARCH("-EL-",E25)),"Electrical",IF(ISNUMBER(SEARCH("-GE-",E25)),"General",IF(ISNUMBER(SEARCH("-AR-",D25)),"Architectural",IF(ISNUMBER(SEARCH("-ST-",D25)),"Structural",IF(ISNUMBER(SEARCH("-ME-",D25)),"Mechanical",IF(ISNUMBER(SEARCH("-EL-",D25)),"Electrical",IF(ISNUMBER(SEARCH("-GE-",D25)),"General","Other"))))))))))) -> Architectural | R25: =IF(F25="","",IFERROR(IF(ISNUMBER(F25),F25,DATEVALUE(F25)),"")) -> 46236
B26: HAC-RFI-000130 | C26: 0 | D26: P1000-K03206-HA-HI-GE-RFI-000021 | E26: P1000-K03206-HA-HI-ST-RFI-000021-00 For Conflict Between Excavation IFC and Structural IFC for Villas | F26: 46242 | I26: HillInt-RFI-000878 | J26: 46273 | M26: HillInt-RTCL-001038 | N26: 14/08/2026 | O26: Response | Q26: =IF(COUNTA(A26:P26)=0,"",IF(ISNUMBER(SEARCH("-AR-",E26)),"Architectural",IF(ISNUMBER(SEARCH("-ST-",E26)),"Structural",IF(ISNUMBER(SEARCH("-ME-",E26)),"Mechanical",IF(ISNUMBER(SEARCH("-EL-",E26)),"Electrical",IF(ISNUMBER(SEARCH("-GE-",E26)),"General",IF(ISNUMBER(SEARCH("-AR-",D26)),"Architectural",IF(ISNUMBER(SEARCH("-ST-",D26)),"Structural",IF(ISNUMBER(SEARCH("-ME-",D26)),"Mechanical",IF(ISNUMBER(SEARCH("-EL-",D26)),"Electrical",IF(ISNUMBER(SEARCH("-GE-",D26)),"General","Other"))))))))))) -> Structural | R26: =IF(F26="","",IFERROR(IF(ISNUMBER(F26),F26,DATEVALUE(F26)),"")) -> 46242
B27: HAC-RFI-000131 | C27: 0 | D27: P1000-K03206-HA-HI-GE-RFI-000022 | E27: P1000-K03206-HA-HI-ST-RFI-000022-00 For Missing Stair Starter Details in Villas Foundation IFC. | F27: 46237 | I27: HillInt-RFI-000879 | J27: 46243 | M27: HillInt-RTCL-001039 | N27: 14/08/2026 | O27: Response | Q27: =IF(COUNTA(A27:P27)=0,"",IF(ISNUMBER(SEARCH("-AR-",E27)),"Architectural",IF(ISNUMBER(SEARCH("-ST-",E27)),"Structural",IF(ISNUMBER(SEARCH("-ME-",E27)),"Mechanical",IF(ISNUMBER(SEARCH("-EL-",E27)),"Electrical",IF(ISNUMBER(SEARCH("-GE-",E27)),"General",IF(ISNUMBER(SEARCH("-AR-",D27)),"Architectural",IF(ISNUMBER(SEARCH("-ST-",D27)),"Structural",IF(ISNUMBER(SEARCH("-ME-",D27)),"Mechanical",IF(ISNUMBER(SEARCH("-EL-",D27)),"Electrical",IF(ISNUMBER(SEARCH("-GE-",D27)),"General","Other"))))))))))) -> Structural | R27: =IF(F27="","",IFERROR(IF(ISNUMBER(F27),F27,DATEVALUE(F27)),"")) -> 46237
B28: HAC-RFI-000132 | C28: 0 | D28: P1000-K03206-HA-HI-GE-RFI-000023 | E28: P1000-K03206-HA-HI-ST-RFI-000023-00 For Conflict Between BOQ and IFC Concrete Grade | F28: 46237 | I28: HillInt-RFI-000880 | J28: 46243 | M28: HillInt-RTCL-001035 | N28: 14/08/2026 | O28: Response | Q28: =IF(COUNTA(A28:P28)=0,"",IF(ISNUMBER(SEARCH("-AR-",E28)),"Architectural",IF(ISNUMBER(SEARCH("-ST-",E28)),"Structural",IF(ISNUMBER(SEARCH("-ME-",E28)),"Mechanical",IF(ISNUMBER(SEARCH("-EL-",E28)),"Electrical",IF(ISNUMBER(SEARCH("-GE-",E28)),"General",IF(ISNUMBER(SEARCH("-AR-",D28)),"Architectural",IF(ISNUMBER(SEARCH("-ST-",D28)),"Structural",IF(ISNUMBER(SEARCH("-ME-",D28)),"Mechanical",IF(ISNUMBER(SEARCH("-EL-",D28)),"Electrical",IF(ISNUMBER(SEARCH("-GE-",D28)),"General","Other"))))))))))) -> Structural | R28: =IF(F28="","",IFERROR(IF(ISNUMBER(F28),F28,DATEVALUE(F28)),"")) -> 46237
B29: HAC-RFI-000166 | C29: 1 | D29: P1000-K03206-HA-HI-GE-RFI-000023 | E29: P1000-K03206-HA-HI-ST-RFI-000023-00 For Conflict Between BOQ and IFC Concrete Grade | F29: 46253 | I29: HillInt-RFI-001013 | J29: 46253 | M29: HillInt-RTCL-001138 | N29: 46258 | O29: Response | Q29: =IF(COUNTA(A29:P29)=0,"",IF(ISNUMBER(SEARCH("-AR-",E29)),"Architectural",IF(ISNUMBER(SEARCH("-ST-",E29)),"Structural",IF(ISNUMBER(SEARCH("-ME-",E29)),"Mechanical",IF(ISNUMBER(SEARCH("-EL-",E29)),"Electrical",IF(ISNUMBER(SEARCH("-GE-",E29)),"General",IF(ISNUMBER(SEARCH("-AR-",D29)),"Architectural",IF(ISNUMBER(SEARCH("-ST-",D29)),"Structural",IF(ISNUMBER(SEARCH("-ME-",D29)),"Mechanical",IF(ISNUMBER(SEARCH("-EL-",D29)),"Electrical",IF(ISNUMBER(SEARCH("-GE-",D29)),"General","Other"))))))))))) -> Structural | R29: =IF(F29="","",IFERROR(IF(ISNUMBER(F29),F29,DATEVALUE(F29)),"")) -> 46253
B30: HAC-RFI-000133 | C30: 0 | D30: P1000-K03206-HA-HI-GE-RFI-000024 | E30: P1000-K03206-HA-HI-AR-RFI-000024-00 For Hotel Room Mock-Up Selection. | F30: 46237 | G30: HillInt-RFI-000904 | H30: 46246 | I30: HillInt-RFI-000904 | J30: 46246 | O30: open | Q30: =IF(COUNTA(A30:P30)=0,"",IF(ISNUMBER(SEARCH("-AR-",E30)),"Architectural",IF(ISNUMBER(SEARCH("-ST-",E30)),"Structural",IF(ISNUMBER(SEARCH("-ME-",E30)),"Mechanical",IF(ISNUMBER(SEARCH("-EL-",E30)),"Electrical",IF(ISNUMBER(SEARCH("-GE-",E30)),"General",IF(ISNUMBER(SEARCH("-AR-",D30)),"Architectural",IF(ISNUMBER(SEARCH("-ST-",D30)),"Structural",IF(ISNUMBER(SEARCH("-ME-",D30)),"Mechanical",IF(ISNUMBER(SEARCH("-EL-",D30)),"Electrical",IF(ISNUMBER(SEARCH("-GE-",D30)),"General","Other"))))))))))) -> Architectural | R30: =IF(F30="","",IFERROR(IF(ISNUMBER(F30),F30,DATEVALUE(F30)),"")) -> 46237
B31: HAC-RFI-000134 | C31: 0 | D31: P1000-K03206-HA-HI-GE-RFI-000025 | E31: P1000-K03206-HA-HI-AR-RFI-000025-00 For Missing Details for ID Build-Up Wall Types for Hotel Room Mock-Up. | F31: 46237 | G31: HillInt-RFI-000905 | H31: 46246 | I31: HillInt-RFI-000905 | J31: 46246 | O31: open | Q31: =IF(COUNTA(A31:P31)=0,"",IF(ISNUMBER(SEARCH("-AR-",E31)),"Architectural",IF(ISNUMBER(SEARCH("-ST-",E31)),"Structural",IF(ISNUMBER(SEARCH("-ME-",E31)),"Mechanical",IF(ISNUMBER(SEARCH("-EL-",E31)),"Electrical",IF(ISNUMBER(SEARCH("-GE-",E31)),"General",IF(ISNUMBER(SEARCH("-AR-",D31)),"Architectural",IF(ISNUMBER(SEARCH("-ST-",D31)),"Structural",IF(ISNUMBER(SEARCH("-ME-",D31)),"Mechanical",IF(ISNUMBER(SEARCH("-EL-",D31)),"Electrical",IF(ISNUMBER(SEARCH("-GE-",D31)),"General","Other"))))))))))) -> Architectural | R31: =IF(F31="","",IFERROR(IF(ISNUMBER(F31),F31,DATEVALUE(F31)),"")) -> 46237
B32: HAC-RFI-000135 | C32: 0 | D32: P1000-K03206-HA-HI-GE-RFI-000026 | E32: P1000-K03206-HA-HI-AR-RFI-000026-00 for Conflict Between Architectural and Interior Drawings – Hotel Room Mock-Up. | F32: 46237 | G32: HillInt-RFI-000906 | H32: 46246 | I32: HillInt-RFI-000906 | J32: 46246 | O32: open | Q32: =IF(COUNTA(A32:P32)=0,"",IF(ISNUMBER(SEARCH("-AR-",E32)),"Architectural",IF(ISNUMBER(SEARCH("-ST-",E32)),"Structural",IF(ISNUMBER(SEARCH("-ME-",E32)),"Mechanical",IF(ISNUMBER(SEARCH("-EL-",E32)),"Electrical",IF(ISNUMBER(SEARCH("-GE-",E32)),"General",IF(ISNUMBER(SEARCH("-AR-",D32)),"Architectural",IF(ISNUMBER(SEARCH("-ST-",D32)),"Structural",IF(ISNUMBER(SEARCH("-ME-",D32)),"Mechanical",IF(ISNUMBER(SEARCH("-EL-",D32)),"Electrical",IF(ISNUMBER(SEARCH("-GE-",D32)),"General","Other"))))))))))) -> Architectural | R32: =IF(F32="","",IFERROR(IF(ISNUMBER(F32),F32,DATEVALUE(F32)),"")) -> 46237
B33: HAC-RFI-000136 | C33: 0 | D33: P1000-K03206-HA-HI-GE-RFI-000027 | E33: P1000-K03206-HA-HI-AR-RFI-000027-00 for Missing Architectural Opening Details for Hotel Room Mock-Up. | F33: 46237 | G33: HillInt-RFI-000907 | H33: 46246 | I33: HillInt-RFI-000907 | J33: 46246 | O33: open | Q33: =IF(COUNTA(A33:P33)=0,"",IF(ISNUMBER(SEARCH("-AR-",E33)),"Architectural",IF(ISNUMBER(SEARCH("-ST-",E33)),"Structural",IF(ISNUMBER(SEARCH("-ME-",E33)),"Mechanical",IF(ISNUMBER(SEARCH("-EL-",E33)),"Electrical",IF(ISNUMBER(SEARCH("-GE-",E33)),"General",IF(ISNUMBER(SEARCH("-AR-",D33)),"Architectural",IF(ISNUMBER(SEARCH("-ST-",D33)),"Structural",IF(ISNUMBER(SEARCH("-ME-",D33)),"Mechanical",IF(ISNUMBER(SEARCH("-EL-",D33)),"Electrical",IF(ISNUMBER(SEARCH("-GE-",D33)),"General","Other"))))))))))) -> Architectural | R33: =IF(F33="","",IFERROR(IF(ISNUMBER(F33),F33,DATEVALUE(F33)),"")) -> 46237
B34: HAC-RFI-000137 | C34: 0 | D34: P1000-K03206-HA-HI-GE-RFI-000028 | E34: P1000-K03206-HA-HI-ST-RFI-000028-00 for Construction sequence for DP06 project – All Villa’s. | F34: 46237 | G34: HillInt-RFI-000908 | H34: 46246 | I34: HillInt-RFI-000908 | J34: 46246 | M34: HillInt-RTCL-001040 | N34: 46248 | O34: Response | Q34: =IF(COUNTA(A34:P34)=0,"",IF(ISNUMBER(SEARCH("-AR-",E34)),"Architectural",IF(ISNUMBER(SEARCH("-ST-",E34)),"Structural",IF(ISNUMBER(SEARCH("-ME-",E34)),"Mechanical",IF(ISNUMBER(SEARCH("-EL-",E34)),"Electrical",IF(ISNUMBER(SEARCH("-GE-",E34)),"General",IF(ISNUMBER(SEARCH("-AR-",D34)),"Architectural",IF(ISNUMBER(SEARCH("-ST-",D34)),"Structural",IF(ISNUMBER(SEARCH("-ME-",D34)),"Mechanical",IF(ISNUMBER(SEARCH("-EL-",D34)),"Electrical",IF(ISNUMBER(SEARCH("-GE-",D34)),"General","Other"))))))))))) -> Structural | R34: =IF(F34="","",IFERROR(IF(ISNUMBER(F34),F34,DATEVALUE(F34)),"")) -> 46237
B35: HAC-RFI-000203 | C35: 1 | D35: P1000-K03206-HA-HI-GE-RFI-000028 | E35: P1000-K03206-HA-HI-ST-RFI-000028-00 for Construction sequence for DP06 project – All Villa’s. | F35: 46274 | I35: HillInt-GNC-003454 | J35: 46275 | O35: open | Q35: =IF(COUNTA(A35:P35)=0,"",IF(ISNUMBER(SEARCH("-AR-",E35)),"Architectural",IF(ISNUMBER(SEARCH("-ST-",E35)),"Structural",IF(ISNUMBER(SEARCH("-ME-",E35)),"Mechanical",IF(ISNUMBER(SEARCH("-EL-",E35)),"Electrical",IF(ISNUMBER(SEARCH("-GE-",E35)),"General",IF(ISNUMBER(SEARCH("-AR-",D35)),"Architectural",IF(ISNUMBER(SEARCH("-ST-",D35)),"Structural",IF(ISNUMBER(SEARCH("-ME-",D35)),"Mechanical",IF(ISNUMBER(SEARCH("-EL-",D35)),"Electrical",IF(ISNUMBER(SEARCH("-GE-",D35)),"General","Other"))))))))))) -> Structural | R35: =IF(F35="","",IFERROR(IF(ISNUMBER(F35),F35,DATEVALUE(F35)),"")) -> 46274
B36: HAC-RFI-000144 | C36: 0 | D36: P1000-K03206-HA-HI-GE-RFI-000029 | E36: P1000-K03206-HA-HI-AR-RFI-000029-00 for Villa Mockup Location as per site condition DP6-Villas. | F36: 46239 | G36: HillInt-RFI-000909 | H36: 46246 | I36: HillInt-RFI-000909 | J36: 46246 | O36: open | Q36: =IF(COUNTA(A36:P36)=0,"",IF(ISNUMBER(SEARCH("-AR-",E36)),"Architectural",IF(ISNUMBER(SEARCH("-ST-",E36)),"Structural",IF(ISNUMBER(SEARCH("-ME-",E36)),"Mechanical",IF(ISNUMBER(SEARCH("-EL-",E36)),"Electrical",IF(ISNUMBER(SEARCH("-GE-",E36)),"General",IF(ISNUMBER(SEARCH("-AR-",D36)),"Architectural",IF(ISNUMBER(SEARCH("-ST-",D36)),"Structural",IF(ISNUMBER(SEARCH("-ME-",D36)),"Mechanical",IF(ISNUMBER(SEARCH("-EL-",D36)),"Electrical",IF(ISNUMBER(SEARCH("-GE-",D36)),"General","Other"))))))))))) -> Architectural | R36: =IF(F36="","",IFERROR(IF(ISNUMBER(F36),F36,DATEVALUE(F36)),"")) -> 46239
B37: HAC-RFI-000155 | C37: 0 | D37: P1000-K03206-HA-HI-GE-RFI-000030 | E37: P1000-K03206-HA-HI-ST-RFI-000030 for Confirmation of Lift Type and Lift Pit Dimensions & Levels. (DP06 project – All Villa’s) | F37: 46247 | I37: HillInt-RFI-000916 | J37: 14 August 202 | M37: HillInt-RTCL-001082 | N37: 46253 | O37: Response | Q37: =IF(COUNTA(A37:P37)=0,"",IF(ISNUMBER(SEARCH("-AR-",E37)),"Architectural",IF(ISNUMBER(SEARCH("-ST-",E37)),"Structural",IF(ISNUMBER(SEARCH("-ME-",E37)),"Mechanical",IF(ISNUMBER(SEARCH("-EL-",E37)),"Electrical",IF(ISNUMBER(SEARCH("-GE-",E37)),"General",IF(ISNUMBER(SEARCH("-AR-",D37)),"Architectural",IF(ISNUMBER(SEARCH("-ST-",D37)),"Structural",IF(ISNUMBER(SEARCH("-ME-",D37)),"Mechanical",IF(ISNUMBER(SEARCH("-EL-",D37)),"Electrical",IF(ISNUMBER(SEARCH("-GE-",D37)),"General","Other"))))))))))) -> Structural | R37: =IF(F37="","",IFERROR(IF(ISNUMBER(F37),F37,DATEVALUE(F37)),"")) -> 46247
B38: HAC-RFI-000156 | C38: 0 | D38: P1000-K03206-HA-HI-GE-RFI-000031 | E38: P1000-K03206-HA-HI-ST-RFI-000031 for Clarification on Villa Type Discrepancy in Villas IFC Excavation Drawings. (DP06 project – All Villa’s) | F38: 46247 | I38: HillInt-RFI-000917 | J38: 14 August 202 | M38: HillInt-RTCL-001083 | N38: 46253 | O38: Response | Q38: =IF(COUNTA(A38:P38)=0,"",IF(ISNUMBER(SEARCH("-AR-",E38)),"Architectural",IF(ISNUMBER(SEARCH("-ST-",E38)),"Structural",IF(ISNUMBER(SEARCH("-ME-",E38)),"Mechanical",IF(ISNUMBER(SEARCH("-EL-",E38)),"Electrical",IF(ISNUMBER(SEARCH("-GE-",E38)),"General",IF(ISNUMBER(SEARCH("-AR-",D38)),"Architectural",IF(ISNUMBER(SEARCH("-ST-",D38)),"Structural",IF(ISNUMBER(SEARCH("-ME-",D38)),"Mechanical",IF(ISNUMBER(SEARCH("-EL-",D38)),"Electrical",IF(ISNUMBER(SEARCH("-GE-",D38)),"General","Other"))))))))))) -> Structural | R38: =IF(F38="","",IFERROR(IF(ISNUMBER(F38),F38,DATEVALUE(F38)),"")) -> 46247
B39: HAC-RFI-000160 | C39: 0 | D39: P1000-K03206-HA-HI-ST-RFI-000032 | E39: P1000-K03206-HA-HI-ST-RFI-000032 for Foundation Level Conflict in IFC Foundation Package (DP06 project – All Villas) | F39: 46247 | I39: HillInt-RFI-000918 | J39: 14 August 202 | M39: HillInt-RTCL-001084 | N39: 46253 | O39: Response | Q39: =IF(COUNTA(A39:P39)=0,"",IF(ISNUMBER(SEARCH("-AR-",E39)),"Architectural",IF(ISNUMBER(SEARCH("-ST-",E39)),"Structural",IF(ISNUMBER(SEARCH("-ME-",E39)),"Mechanical",IF(ISNUMBER(SEARCH("-EL-",E39)),"Electrical",IF(ISNUMBER(SEARCH("-GE-",E39)),"General",IF(ISNUMBER(SEARCH("-AR-",D39)),"Architectural",IF(ISNUMBER(SEARCH("-ST-",D39)),"Structural",IF(ISNUMBER(SEARCH("-ME-",D39)),"Mechanical",IF(ISNUMBER(SEARCH("-EL-",D39)),"Electrical",IF(ISNUMBER(SEARCH("-GE-",D39)),"General","Other"))))))))))) -> Structural | R39: =IF(F39="","",IFERROR(IF(ISNUMBER(F39),F39,DATEVALUE(F39)),"")) -> 46247
B40: HAC-RFI-000159 | C40: 0 | D40: P1000-K03206-HA-HI-ST-RFI-000033 | E40: P1000-K03206-HA-HI-ST-RFI-000033 for Foundation Level Conflict in IFC Foundation Package (DP06 project – villa type A & B) | F40: 46247 | I40: HillInt-RFI-000919 | J40: 46248 | M40: HillInt-RTCL-001085 | N40: 46253 | O40: Response | Q40: =IF(COUNTA(A40:P40)=0,"",IF(ISNUMBER(SEARCH("-AR-",E40)),"Architectural",IF(ISNUMBER(SEARCH("-ST-",E40)),"Structural",IF(ISNUMBER(SEARCH("-ME-",E40)),"Mechanical",IF(ISNUMBER(SEARCH("-EL-",E40)),"Electrical",IF(ISNUMBER(SEARCH("-GE-",E40)),"General",IF(ISNUMBER(SEARCH("-AR-",D40)),"Architectural",IF(ISNUMBER(SEARCH("-ST-",D40)),"Structural",IF(ISNUMBER(SEARCH("-ME-",D40)),"Mechanical",IF(ISNUMBER(SEARCH("-EL-",D40)),"Electrical",IF(ISNUMBER(SEARCH("-GE-",D40)),"General","Other"))))))))))) -> Structural | R40: =IF(F40="","",IFERROR(IF(ISNUMBER(F40),F40,DATEVALUE(F40)),"")) -> 46247
B41: HAC-RFI-000178 | C41: 0 | D41: P1000-K03206-HA-HI-ST-RFI-000034 | E41: P1000-K03206-HA-HI-ST-RFI-000034 for Discrepancy in Levels Between the Received Excavation IFC and Foundation IFC Drawings. | F41: 46265 | I41: HillInt-RFI-001145 | J41: 46266 | M41: HillInt-GNC-003426 | N41: 46279 | O41: Response | Q41: =IF(COUNTA(A41:P41)=0,"",IF(ISNUMBER(SEARCH("-AR-",E41)),"Architectural",IF(ISNUMBER(SEARCH("-ST-",E41)),"Structural",IF(ISNUMBER(SEARCH("-ME-",E41)),"Mechanical",IF(ISNUMBER(SEARCH("-EL-",E41)),"Electrical",IF(ISNUMBER(SEARCH("-GE-",E41)),"General",IF(ISNUMBER(SEARCH("-AR-",D41)),"Architectural",IF(ISNUMBER(SEARCH("-ST-",D41)),"Structural",IF(ISNUMBER(SEARCH("-ME-",D41)),"Mechanical",IF(ISNUMBER(SEARCH("-EL-",D41)),"Electrical",IF(ISNUMBER(SEARCH("-GE-",D41)),"General","Other"))))))))))) -> Structural | R41: =IF(F41="","",IFERROR(IF(ISNUMBER(F41),F41,DATEVALUE(F41)),"")) -> 46265
B42: HAC-RFI-000179 | C42: 0 | D42: P1000-K03206-HA-HI-ST-RFI-000035 | E42: P1000-K03206-HA-HI-ST-RFI-000035 for Discrepancy in Column Dimensions Between the Foundation and Superstructure IFC Packages. | F42: 46265 | I42: HillInt-RFI-001147 | J42: 46266 | M42: HillInt-RTRFI-001219 | N42: 46279 | O42: Response | Q42: =IF(COUNTA(A42:P42)=0,"",IF(ISNUMBER(SEARCH("-AR-",E42)),"Architectural",IF(ISNUMBER(SEARCH("-ST-",E42)),"Structural",IF(ISNUMBER(SEARCH("-ME-",E42)),"Mechanical",IF(ISNUMBER(SEARCH("-EL-",E42)),"Electrical",IF(ISNUMBER(SEARCH("-GE-",E42)),"General",IF(ISNUMBER(SEARCH("-AR-",D42)),"Architectural",IF(ISNUMBER(SEARCH("-ST-",D42)),"Structural",IF(ISNUMBER(SEARCH("-ME-",D42)),"Mechanical",IF(ISNUMBER(SEARCH("-EL-",D42)),"Electrical",IF(ISNUMBER(SEARCH("-GE-",D42)),"General","Other"))))))))))) -> Structural | R42: =IF(F42="","",IFERROR(IF(ISNUMBER(F42),F42,DATEVALUE(F42)),"")) -> 46265
B43: HAC-RFI-000186 | C43: 0 | D43: P1000-K03206-HA-HI-ST-RFI-000036 | E43: P1000-K03206-HA-HI-ST-RFI-000036 for Identification of Walls Requiring Foundation Upstands in all villas. | F43: 46272 | I43: HillInt-GNC-003399 | J43: 46275 | M43: HAC-RFI-000186 | N43: 46279 | O43: Response | Q43: =IF(COUNTA(A43:P43)=0,"",IF(ISNUMBER(SEARCH("-AR-",E43)),"Architectural",IF(ISNUMBER(SEARCH("-ST-",E43)),"Structural",IF(ISNUMBER(SEARCH("-ME-",E43)),"Mechanical",IF(ISNUMBER(SEARCH("-EL-",E43)),"Electrical",IF(ISNUMBER(SEARCH("-GE-",E43)),"General",IF(ISNUMBER(SEARCH("-AR-",D43)),"Architectural",IF(ISNUMBER(SEARCH("-ST-",D43)),"Structural",IF(ISNUMBER(SEARCH("-ME-",D43)),"Mechanical",IF(ISNUMBER(SEARCH("-EL-",D43)),"Electrical",IF(ISNUMBER(SEARCH("-GE-",D43)),"General","Other"))))))))))) -> Structural | R43: =IF(F43="","",IFERROR(IF(ISNUMBER(F43),F43,DATEVALUE(F43)),"")) -> 46272
B44: HAC-RFI-000187 | C44: 0 | D44: P1000-K03206-HA-HI-ST-RFI-000037 | E44: P1000-K03206-HA-HI-ST-RFI-000037 for B1 & B2 Reinforcement Sizes for Footing F3 – Villa D. | F44: 46272 | I44: HillInt-GNC-003400 | J44: 46275 | M44: HAC-RFI-000187 | N44: 46279 | O44: Response | Q44: =IF(COUNTA(A44:P44)=0,"",IF(ISNUMBER(SEARCH("-AR-",E44)),"Architectural",IF(ISNUMBER(SEARCH("-ST-",E44)),"Structural",IF(ISNUMBER(SEARCH("-ME-",E44)),"Mechanical",IF(ISNUMBER(SEARCH("-EL-",E44)),"Electrical",IF(ISNUMBER(SEARCH("-GE-",E44)),"General",IF(ISNUMBER(SEARCH("-AR-",D44)),"Architectural",IF(ISNUMBER(SEARCH("-ST-",D44)),"Structural",IF(ISNUMBER(SEARCH("-ME-",D44)),"Mechanical",IF(ISNUMBER(SEARCH("-EL-",D44)),"Electrical",IF(ISNUMBER(SEARCH("-GE-",D44)),"General","Other"))))))))))) -> Structural | R44: =IF(F44="","",IFERROR(IF(ISNUMBER(F44),F44,DATEVALUE(F44)),"")) -> 46272
B45: HAC-RFI-000189 | C45: 0 | D45: P1000-K03206-HA-HI-ST-RFI-000038 | E45: P1000-K03206-HA-HI-ST-RFI-000038 for Missing Column Details– Villa Type B. | F45: 46272 | I45: HillInt-GNC-003401 | J45: 46275 | M45: HillInt-GNC-003401 | N45: 46274 | O45: Response | Q45: =IF(COUNTA(A45:P45)=0,"",IF(ISNUMBER(SEARCH("-AR-",E45)),"Architectural",IF(ISNUMBER(SEARCH("-ST-",E45)),"Structural",IF(ISNUMBER(SEARCH("-ME-",E45)),"Mechanical",IF(ISNUMBER(SEARCH("-EL-",E45)),"Electrical",IF(ISNUMBER(SEARCH("-GE-",E45)),"General",IF(ISNUMBER(SEARCH("-AR-",D45)),"Architectural",IF(ISNUMBER(SEARCH("-ST-",D45)),"Structural",IF(ISNUMBER(SEARCH("-ME-",D45)),"Mechanical",IF(ISNUMBER(SEARCH("-EL-",D45)),"Electrical",IF(ISNUMBER(SEARCH("-GE-",D45)),"General","Other"))))))))))) -> Structural | R45: =IF(F45="","",IFERROR(IF(ISNUMBER(F45),F45,DATEVALUE(F45)),"")) -> 46272
B46: HAC-RFI-000190 | C46: 0 | D46: P1000-K03206-HA-HI-ST-RFI-000039 | E46: P1000-K03206-HA-HI-ST-RFI-000039 for Missing RC Pedestal Details – Villa Types C1, C2 & D. | F46: 46272 | I46: HillInt-GNC-003402 | J46: 46275 | M46: HillInt-GNC-003402 | N46: 46274 | O46: Response | Q46: =IF(COUNTA(A46:P46)=0,"",IF(ISNUMBER(SEARCH("-AR-",E46)),"Architectural",IF(ISNUMBER(SEARCH("-ST-",E46)),"Structural",IF(ISNUMBER(SEARCH("-ME-",E46)),"Mechanical",IF(ISNUMBER(SEARCH("-EL-",E46)),"Electrical",IF(ISNUMBER(SEARCH("-GE-",E46)),"General",IF(ISNUMBER(SEARCH("-AR-",D46)),"Architectural",IF(ISNUMBER(SEARCH("-ST-",D46)),"Structural",IF(ISNUMBER(SEARCH("-ME-",D46)),"Mechanical",IF(ISNUMBER(SEARCH("-EL-",D46)),"Electrical",IF(ISNUMBER(SEARCH("-GE-",D46)),"General","Other"))))))))))) -> Structural | R46: =IF(F46="","",IFERROR(IF(ISNUMBER(F46),F46,DATEVALUE(F46)),"")) -> 46272
B47: HAC-RFI-000191 | C47: 0 | D47: P1000-K03206-HA-HI-ST-RFI-000040 | E47: P1000-K03206-HA-HI-ST-RFI-000040 for Foundation Thickness and Excavation Level Discrepancies at the Hotel building | F47: 46272 | I47: HillInt-GNC-003404 | J47: 46274 | M47: HillInt-GNC-003404 | N47: 46274 | O47: Response | Q47: =IF(COUNTA(A47:P47)=0,"",IF(ISNUMBER(SEARCH("-AR-",E47)),"Architectural",IF(ISNUMBER(SEARCH("-ST-",E47)),"Structural",IF(ISNUMBER(SEARCH("-ME-",E47)),"Mechanical",IF(ISNUMBER(SEARCH("-EL-",E47)),"Electrical",IF(ISNUMBER(SEARCH("-GE-",E47)),"General",IF(ISNUMBER(SEARCH("-AR-",D47)),"Architectural",IF(ISNUMBER(SEARCH("-ST-",D47)),"Structural",IF(ISNUMBER(SEARCH("-ME-",D47)),"Mechanical",IF(ISNUMBER(SEARCH("-EL-",D47)),"Electrical",IF(ISNUMBER(SEARCH("-GE-",D47)),"General","Other"))))))))))) -> Structural | R47: =IF(F47="","",IFERROR(IF(ISNUMBER(F47),F47,DATEVALUE(F47)),"")) -> 46272
B48: HAC-RFI-000192 | C48: 0 | D48: P1000-K03206-HA-HI-ST-RFI-000041 | E48: P1000-K03206-HA-HI-ST-RFI-000041 for Basement 02 Staircase Starter Wall & Starter Bar Details – Hotel Building | F48: 46272 | I48: HillInt-GNC-003523 | J48: 46278 | M48: HillInt-GNC-003523 | N48: 46278 | O48: Response | Q48: =IF(COUNTA(A48:P48)=0,"",IF(ISNUMBER(SEARCH("-AR-",E48)),"Architectural",IF(ISNUMBER(SEARCH("-ST-",E48)),"Structural",IF(ISNUMBER(SEARCH("-ME-",E48)),"Mechanical",IF(ISNUMBER(SEARCH("-EL-",E48)),"Electrical",IF(ISNUMBER(SEARCH("-GE-",E48)),"General",IF(ISNUMBER(SEARCH("-AR-",D48)),"Architectural",IF(ISNUMBER(SEARCH("-ST-",D48)),"Structural",IF(ISNUMBER(SEARCH("-ME-",D48)),"Mechanical",IF(ISNUMBER(SEARCH("-EL-",D48)),"Electrical",IF(ISNUMBER(SEARCH("-GE-",D48)),"General","Other"))))))))))) -> Structural | R48: =IF(F48="","",IFERROR(IF(ISNUMBER(F48),F48,DATEVALUE(F48)),"")) -> 46272
B49: HAC-RFI-000235 | C49: 1 | D49: P1000-K03206-HA-HI-ST-RFI-000041 | E49: P1000-K03206-HA-HI-ST-RFI-000041 for Basement 02 Staircase Starter Wall & Starter Bar Details – Hotel Building | F49: 46292 | I49: HillInt-GNC-004246 | J49: 46292 | M49: HillInt-GNC-003523 | N49: 46292 | O49: Response | Q49: =IF(COUNTA(A49:P49)=0,"",IF(ISNUMBER(SEARCH("-AR-",E49)),"Architectural",IF(ISNUMBER(SEARCH("-ST-",E49)),"Structural",IF(ISNUMBER(SEARCH("-ME-",E49)),"Mechanical",IF(ISNUMBER(SEARCH("-EL-",E49)),"Electrical",IF(ISNUMBER(SEARCH("-GE-",E49)),"General",IF(ISNUMBER(SEARCH("-AR-",D49)),"Architectural",IF(ISNUMBER(SEARCH("-ST-",D49)),"Structural",IF(ISNUMBER(SEARCH("-ME-",D49)),"Mechanical",IF(ISNUMBER(SEARCH("-EL-",D49)),"Electrical",IF(ISNUMBER(SEARCH("-GE-",D49)),"General","Other"))))))))))) -> Structural | R49: =IF(F49="","",IFERROR(IF(ISNUMBER(F49),F49,DATEVALUE(F49)),"")) -> 46292
B50: HAC-RFI-000193 | C50: 0 | D50: P1000-K03206-HA-HI-ST-RFI-000042 | E50: P1000-K03206-HA-HI-ST-RFI-000042 for Missing Walls and Drawing / View Name Discrepancies in SPA Foundation IFC Package. | F50: 46272 | I50: HillInt-GNC-003524 | J50: 46278 | M50: HillInt-GNC-003524 | N50: 46278 | O50: Response | Q50: =IF(COUNTA(A50:P50)=0,"",IF(ISNUMBER(SEARCH("-AR-",E50)),"Architectural",IF(ISNUMBER(SEARCH("-ST-",E50)),"Structural",IF(ISNUMBER(SEARCH("-ME-",E50)),"Mechanical",IF(ISNUMBER(SEARCH("-EL-",E50)),"Electrical",IF(ISNUMBER(SEARCH("-GE-",E50)),"General",IF(ISNUMBER(SEARCH("-AR-",D50)),"Architectural",IF(ISNUMBER(SEARCH("-ST-",D50)),"Structural",IF(ISNUMBER(SEARCH("-ME-",D50)),"Mechanical",IF(ISNUMBER(SEARCH("-EL-",D50)),"Electrical",IF(ISNUMBER(SEARCH("-GE-",D50)),"General","Other"))))))))))) -> Structural | R50: =IF(F50="","",IFERROR(IF(ISNUMBER(F50),F50,DATEVALUE(F50)),"")) -> 46272
B51: HAC-RFI-000194 | C51: 0 | D51: P1000-K03206-HA-HI-ST-RFI-000043 | E51: P1000-K03206-HA-HI-ST-RFI-000043 for Clarification on Foundation Levels and Corresponding Excavation Levels in Beach House. | F51: 46272 | I51: HillInt-GNC-003526 | J51: 46278 | M51: HillInt-GNC-003526 | N51: 46278 | O51: Response | Q51: =IF(COUNTA(A51:P51)=0,"",IF(ISNUMBER(SEARCH("-AR-",E51)),"Architectural",IF(ISNUMBER(SEARCH("-ST-",E51)),"Structural",IF(ISNUMBER(SEARCH("-ME-",E51)),"Mechanical",IF(ISNUMBER(SEARCH("-EL-",E51)),"Electrical",IF(ISNUMBER(SEARCH("-GE-",E51)),"General",IF(ISNUMBER(SEARCH("-AR-",D51)),"Architectural",IF(ISNUMBER(SEARCH("-ST-",D51)),"Structural",IF(ISNUMBER(SEARCH("-ME-",D51)),"Mechanical",IF(ISNUMBER(SEARCH("-EL-",D51)),"Electrical",IF(ISNUMBER(SEARCH("-GE-",D51)),"General","Other"))))))))))) -> Structural | R51: =IF(F51="","",IFERROR(IF(ISNUMBER(F51),F51,DATEVALUE(F51)),"")) -> 46272
... B57: HAC-RFI-000206 | C57: 0 | D57: P1000-K03206-HA-HI-ST-RFI-000049 | E57: P1000-K03206-HA-HI-ST-RFI-000049 for Alternative Waterproofing System – Tanking System. | F57: 46275 | I57: HillInt-GNC-003528 | J57: 46278 | M57: HillInt-GNC-003796 | N57: 46281 | O57: Response | Q57: =IF(COUNTA(A57:P57)=0,"",IF(ISNUMBER(SEARCH("-AR-",E57)),"Architectural",IF(ISNUMBER(SEARCH("-ST-",E57)),"Structural",IF(ISNUMBER(SEARCH("-ME-",E57)),"Mechanical",IF(ISNUMBER(SEARCH("-EL-",E57)),"Electrical",IF(ISNUMBER(SEARCH("-GE-",E57)),"General",IF(ISNUMBER(SEARCH("-AR-",D57)),"Architectural",IF(ISNUMBER(SEARCH("-ST-",D57)),"Structural",IF(ISNUMBER(SEARCH("-ME-",D57)),"Mechanical",IF(ISNUMBER(SEARCH("-EL-",D57)),"Electrical",IF(ISNUMBER(SEARCH("-GE-",D57)),"General","Other"))))))))))) -> Structural | R57: =IF(F57="","",IFERROR(IF(ISNUMBER(F57),F57,DATEVALUE(F57)),"")) -> 46275
B58: HAC-RFI-000210 | C58: 0 | D58: P1000-K03206-HA-HI-ST-RFI-000050 | E58: P1000-K03206-HA-HI-ST-RFI-000050 for Club House – Missing Details & Level Coordination for Retaining Wall. | F58: 46277 | M58: HillInt-GNC-003812 | N58: 46282 | O58: Response | Q58: =IF(COUNTA(A58:P58)=0,"",IF(ISNUMBER(SEARCH("-AR-",E58)),"Architectural",IF(ISNUMBER(SEARCH("-ST-",E58)),"Structural",IF(ISNUMBER(SEARCH("-ME-",E58)),"Mechanical",IF(ISNUMBER(SEARCH("-EL-",E58)),"Electrical",IF(ISNUMBER(SEARCH("-GE-",E58)),"General",IF(ISNUMBER(SEARCH("-AR-",D58)),"Architectural",IF(ISNUMBER(SEARCH("-ST-",D58)),"Structural",IF(ISNUMBER(SEARCH("-ME-",D58)),"Mechanical",IF(ISNUMBER(SEARCH("-EL-",D58)),"Electrical",IF(ISNUMBER(SEARCH("-GE-",D58)),"General","Other"))))))))))) -> Structural | R58: =IF(F58="","",IFERROR(IF(ISNUMBER(F58),F58,DATEVALUE(F58)),"")) -> 46277
B59: HAC-RFI-000207 | C59: 0 | D59: P1000-K03206-HA-HI-ST-RFI-000051 | E59: P1000-K03206-HA-HI-ST-RFI-000051 for Residents Club coordination with the surrounded building & walls. | F59: 46277 | I59: HillInt-GNC-003529 | J59: 46284 | M59: HillInt-GNC-004053 | N59: 46287 | O59: Response | Q59: =IF(COUNTA(A59:P59)=0,"",IF(ISNUMBER(SEARCH("-AR-",E59)),"Architectural",IF(ISNUMBER(SEARCH("-ST-",E59)),"Structural",IF(ISNUMBER(SEARCH("-ME-",E59)),"Mechanical",IF(ISNUMBER(SEARCH("-EL-",E59)),"Electrical",IF(ISNUMBER(SEARCH("-GE-",E59)),"General",IF(ISNUMBER(SEARCH("-AR-",D59)),"Architectural",IF(ISNUMBER(SEARCH("-ST-",D59)),"Structural",IF(ISNUMBER(SEARCH("-ME-",D59)),"Mechanical",IF(ISNUMBER(SEARCH("-EL-",D59)),"Electrical",IF(ISNUMBER(SEARCH("-GE-",D59)),"General","Other"))))))))))) -> Structural | R59: =IF(F59="","",IFERROR(IF(ISNUMBER(F59),F59,DATEVALUE(F59)),"")) -> 46277
B60: HAC-RFI-000208 | C60: 0 | D60: P1000-K03206-HA-HI-ST-RFI-000052 | E60: P1000-K03206-HA-HI-ST-RFI-000052 for Residents Club Missing Topographic Survey documents. | F60: 46277 | M60: HillInt-GNC-003747 | N60: 46280 | O60: Response | Q60: =IF(COUNTA(A60:P60)=0,"",IF(ISNUMBER(SEARCH("-AR-",E60)),"Architectural",IF(ISNUMBER(SEARCH("-ST-",E60)),"Structural",IF(ISNUMBER(SEARCH("-ME-",E60)),"Mechanical",IF(ISNUMBER(SEARCH("-EL-",E60)),"Electrical",IF(ISNUMBER(SEARCH("-GE-",E60)),"General",IF(ISNUMBER(SEARCH("-AR-",D60)),"Architectural",IF(ISNUMBER(SEARCH("-ST-",D60)),"Structural",IF(ISNUMBER(SEARCH("-ME-",D60)),"Mechanical",IF(ISNUMBER(SEARCH("-EL-",D60)),"Electrical",IF(ISNUMBER(SEARCH("-GE-",D60)),"General","Other"))))))))))) -> Structural | R60: =IF(F60="","",IFERROR(IF(ISNUMBER(F60),F60,DATEVALUE(F60)),"")) -> 46277
B61: HAC-RFI-000209 | C61: 0 | D61: P1000-K03206-HA-HI-ST-RFI-000053 | E61: P1000-K03206-HA-HI-ST-RFI-000053 For SPA Building – Proposed Temporary Protection Wall. | F61: 46277 | M61: HillInt-GNC-003751 | N61: 46280 | O61: Response | Q61: =IF(COUNTA(A61:P61)=0,"",IF(ISNUMBER(SEARCH("-AR-",E61)),"Architectural",IF(ISNUMBER(SEARCH("-ST-",E61)),"Structural",IF(ISNUMBER(SEARCH("-ME-",E61)),"Mechanical",IF(ISNUMBER(SEARCH("-EL-",E61)),"Electrical",IF(ISNUMBER(SEARCH("-GE-",E61)),"General",IF(ISNUMBER(SEARCH("-AR-",D61)),"Architectural",IF(ISNUMBER(SEARCH("-ST-",D61)),"Structural",IF(ISNUMBER(SEARCH("-ME-",D61)),"Mechanical",IF(ISNUMBER(SEARCH("-EL-",D61)),"Electrical",IF(ISNUMBER(SEARCH("-GE-",D61)),"General","Other"))))))))))) -> Structural | R61: =IF(F61="","",IFERROR(IF(ISNUMBER(F61),F61,DATEVALUE(F61)),"")) -> 46277
B62: HAC-RFI-000211 | C62: 0 | D62: P1000-K03206-HA-HI-ST-RFI-000054 | E62: P1000-K03206-HA-HI-ST-RFI-000054 For Villa C1- SW3 Reinforcement Values Clarification. | F62: 46277 | M62: HillInt-RTCL-001439 | N62: 46282 | O62: Response | Q62: =IF(COUNTA(A62:P62)=0,"",IF(ISNUMBER(SEARCH("-AR-",E62)),"Architectural",IF(ISNUMBER(SEARCH("-ST-",E62)),"Structural",IF(ISNUMBER(SEARCH("-ME-",E62)),"Mechanical",IF(ISNUMBER(SEARCH("-EL-",E62)),"Electrical",IF(ISNUMBER(SEARCH("-GE-",E62)),"General",IF(ISNUMBER(SEARCH("-AR-",D62)),"Architectural",IF(ISNUMBER(SEARCH("-ST-",D62)),"Structural",IF(ISNUMBER(SEARCH("-ME-",D62)),"Mechanical",IF(ISNUMBER(SEARCH("-EL-",D62)),"Electrical",IF(ISNUMBER(SEARCH("-GE-",D62)),"General","Other"))))))))))) -> Structural | R62: =IF(F62="","",IFERROR(IF(ISNUMBER(F62),F62,DATEVALUE(F62)),"")) -> 46277
B63: HAC-RFI-000212 | C63: 0 | D63: P1000-K03206-HA-HI-ST-RFI-000055 | E63: P1000-K03206-HA-HI-ST-RFI-000055 For Foundation Level Difference in villas. | F63: 46277 | M63: HillInt-GNC-003809 | N63: 46282 | O63: Response | Q63: =IF(COUNTA(A63:P63)=0,"",IF(ISNUMBER(SEARCH("-AR-",E63)),"Architectural",IF(ISNUMBER(SEARCH("-ST-",E63)),"Structural",IF(ISNUMBER(SEARCH("-ME-",E63)),"Mechanical",IF(ISNUMBER(SEARCH("-EL-",E63)),"Electrical",IF(ISNUMBER(SEARCH("-GE-",E63)),"General",IF(ISNUMBER(SEARCH("-AR-",D63)),"Architectural",IF(ISNUMBER(SEARCH("-ST-",D63)),"Structural",IF(ISNUMBER(SEARCH("-ME-",D63)),"Mechanical",IF(ISNUMBER(SEARCH("-EL-",D63)),"Electrical",IF(ISNUMBER(SEARCH("-GE-",D63)),"General","Other"))))))))))) -> Structural | R63: =IF(F63="","",IFERROR(IF(ISNUMBER(F63),F63,DATEVALUE(F63)),"")) -> 46277
B64: HAC-RFI-000213 | C64: 0 | D64: P1000-K03206-HA-HI-ST-RFI-000056 | E64: P1000-K03206-HA-HI-ST-RFI-000056 For Stair Starter proposal in villas. | F64: 46277 | M64: HillInt-GNC-003795 | N64: 46281 | O64: Response | Q64: =IF(COUNTA(A64:P64)=0,"",IF(ISNUMBER(SEARCH("-AR-",E64)),"Architectural",IF(ISNUMBER(SEARCH("-ST-",E64)),"Structural",IF(ISNUMBER(SEARCH("-ME-",E64)),"Mechanical",IF(ISNUMBER(SEARCH("-EL-",E64)),"Electrical",IF(ISNUMBER(SEARCH("-GE-",E64)),"General",IF(ISNUMBER(SEARCH("-AR-",D64)),"Architectural",IF(ISNUMBER(SEARCH("-ST-",D64)),"Structural",IF(ISNUMBER(SEARCH("-ME-",D64)),"Mechanical",IF(ISNUMBER(SEARCH("-EL-",D64)),"Electrical",IF(ISNUMBER(SEARCH("-GE-",D64)),"General","Other"))))))))))) -> Structural | R64: =IF(F64="","",IFERROR(IF(ISNUMBER(F64),F64,DATEVALUE(F64)),"")) -> 46277
B65: HAC-RFI-000214 | C65: 0 | D65: P1000-K03206-HA-HI-ST-RFI-000057 | E65: P1000-K03206-HA-HI-ST-RFI-000057 for Clarification of Sump Pit RC Slab and Access Hatch Details At Hotel Building. | F65: 46278 | M65: HillInt-GNC-003811 | N65: 46282 | O65: Response | Q65: =IF(COUNTA(A65:P65)=0,"",IF(ISNUMBER(SEARCH("-AR-",E65)),"Architectural",IF(ISNUMBER(SEARCH("-ST-",E65)),"Structural",IF(ISNUMBER(SEARCH("-ME-",E65)),"Mechanical",IF(ISNUMBER(SEARCH("-EL-",E65)),"Electrical",IF(ISNUMBER(SEARCH("-GE-",E65)),"General",IF(ISNUMBER(SEARCH("-AR-",D65)),"Architectural",IF(ISNUMBER(SEARCH("-ST-",D65)),"Structural",IF(ISNUMBER(SEARCH("-ME-",D65)),"Mechanical",IF(ISNUMBER(SEARCH("-EL-",D65)),"Electrical",IF(ISNUMBER(SEARCH("-GE-",D65)),"General","Other"))))))))))) -> Structural | R65: =IF(F65="","",IFERROR(IF(ISNUMBER(F65),F65,DATEVALUE(F65)),"")) -> 46278
B66: HAC-RFI-000214 | C66: 1 | D66: P1000-K03206-HA-HI-ST-RFI-000057 | E66: Fwd: P1000-K03206-HA-HI-ST-RFI-000057-01 for Clarification of Sump Pit RC Slab and Access Hatch Details At Hotel Building. | F66: 46292 | I66: HillInt-GNC-004297 | J66: 46292 | M66: HillInt-GNC-004622 | N66: 46299 | O66: Response | Q66: =IF(COUNTA(A66:P66)=0,"",IF(ISNUMBER(SEARCH("-AR-",E66)),"Architectural",IF(ISNUMBER(SEARCH("-ST-",E66)),"Structural",IF(ISNUMBER(SEARCH("-ME-",E66)),"Mechanical",IF(ISNUMBER(SEARCH("-EL-",E66)),"Electrical",IF(ISNUMBER(SEARCH("-GE-",E66)),"General",IF(ISNUMBER(SEARCH("-AR-",D66)),"Architectural",IF(ISNUMBER(SEARCH("-ST-",D66)),"Structural",IF(ISNUMBER(SEARCH("-ME-",D66)),"Mechanical",IF(ISNUMBER(SEARCH("-EL-",D66)),"Electrical",IF(ISNUMBER(SEARCH("-GE-",D66)),"General","Other"))))))))))) -> Structural | R66: =IF(F66="","",IFERROR(IF(ISNUMBER(F66),F66,DATEVALUE(F66)),"")) -> 46292
B67: HAC-RFI-000223 | C67: 0 | D67: P1000-K03206-HA-HI-ST-RFI-000058 | E67: P1000-K03206-HA-HI-ST-RFI-000058 for Villas- missing Structural levels in all Villa Types. | F67: 46287 | G67: HillInt-GNC-004083 | H67: 46287 | M67: HillInt-GNC-004215 | N67: 46292 | O67: Response | Q67: =IF(COUNTA(A67:P67)=0,"",IF(ISNUMBER(SEARCH("-AR-",E67)),"Architectural",IF(ISNUMBER(SEARCH("-ST-",E67)),"Structural",IF(ISNUMBER(SEARCH("-ME-",E67)),"Mechanical",IF(ISNUMBER(SEARCH("-EL-",E67)),"Electrical",IF(ISNUMBER(SEARCH("-GE-",E67)),"General",IF(ISNUMBER(SEARCH("-AR-",D67)),"Architectural",IF(ISNUMBER(SEARCH("-ST-",D67)),"Structural",IF(ISNUMBER(SEARCH("-ME-",D67)),"Mechanical",IF(ISNUMBER(SEARCH("-EL-",D67)),"Electrical",IF(ISNUMBER(SEARCH("-GE-",D67)),"General","Other"))))))))))) -> Structural | R67: =IF(F67="","",IFERROR(IF(ISNUMBER(F67),F67,DATEVALUE(F67)),"")) -> 46287
B68: HAC-RFI-000224 | C68: 0 | D68: P1000-K03206-HA-HI-ST-RFI-000059 | E68: P1000-K03206-HA-HI-ST-RFI-000059 for villa C1 – first floor beams conflict between L01-B32 & L01-B35. | F68: 46287 | G68: HillInt-GNC-004084 | H68: 46287 | M68: HillInt-GNC-004216 | N68: 46292 | O68: Response | Q68: =IF(COUNTA(A68:P68)=0,"",IF(ISNUMBER(SEARCH("-AR-",E68)),"Architectural",IF(ISNUMBER(SEARCH("-ST-",E68)),"Structural",IF(ISNUMBER(SEARCH("-ME-",E68)),"Mechanical",IF(ISNUMBER(SEARCH("-EL-",E68)),"Electrical",IF(ISNUMBER(SEARCH("-GE-",E68)),"General",IF(ISNUMBER(SEARCH("-AR-",D68)),"Architectural",IF(ISNUMBER(SEARCH("-ST-",D68)),"Structural",IF(ISNUMBER(SEARCH("-ME-",D68)),"Mechanical",IF(ISNUMBER(SEARCH("-EL-",D68)),"Electrical",IF(ISNUMBER(SEARCH("-GE-",D68)),"General","Other"))))))))))) -> Structural | R68: =IF(F68="","",IFERROR(IF(ISNUMBER(F68),F68,DATEVALUE(F68)),"")) -> 46287
B69: HAC-RFI-000225 | C69: 0 | D69: P1000-K03206-HA-HI-ST-RFI-000060 | E69: P1000-K03206-HA-HI-ST-RFI-000060 for Villa (A) Coordination Issue | F69: 46287 | G69: HillInt-GNC-004085 | H69: 46287 | M69: HillInt-GNC-004217 | N69: 46292 | O69: Response | Q69: =IF(COUNTA(A69:P69)=0,"",IF(ISNUMBER(SEARCH("-AR-",E69)),"Architectural",IF(ISNUMBER(SEARCH("-ST-",E69)),"Structural",IF(ISNUMBER(SEARCH("-ME-",E69)),"Mechanical",IF(ISNUMBER(SEARCH("-EL-",E69)),"Electrical",IF(ISNUMBER(SEARCH("-GE-",E69)),"General",IF(ISNUMBER(SEARCH("-AR-",D69)),"Architectural",IF(ISNUMBER(SEARCH("-ST-",D69)),"Structural",IF(ISNUMBER(SEARCH("-ME-",D69)),"Mechanical",IF(ISNUMBER(SEARCH("-EL-",D69)),"Electrical",IF(ISNUMBER(SEARCH("-GE-",D69)),"General","Other"))))))))))) -> Structural | R69: =IF(F69="","",IFERROR(IF(ISNUMBER(F69),F69,DATEVALUE(F69)),"")) -> 46287
B70: HAC-RFI-000226 | C70: 0 | D70: P1000-K03206-HA-HI-ST-RFI-000061 | E70: P1000-K03206-HA-HI-AR-RFI-000061 for Villas- missing Stairs finishes. | F70: 46287 | G70: HillInt-GNC-004833 | H70: 46301 | I70: HillInt-GNC-004833 | J70: 46301 | O70: open | Q70: =IF(COUNTA(A70:P70)=0,"",IF(ISNUMBER(SEARCH("-AR-",E70)),"Architectural",IF(ISNUMBER(SEARCH("-ST-",E70)),"Structural",IF(ISNUMBER(SEARCH("-ME-",E70)),"Mechanical",IF(ISNUMBER(SEARCH("-EL-",E70)),"Electrical",IF(ISNUMBER(SEARCH("-GE-",E70)),"General",IF(ISNUMBER(SEARCH("-AR-",D70)),"Architectural",IF(ISNUMBER(SEARCH("-ST-",D70)),"Structural",IF(ISNUMBER(SEARCH("-ME-",D70)),"Mechanical",IF(ISNUMBER(SEARCH("-EL-",D70)),"Electrical",IF(ISNUMBER(SEARCH("-GE-",D70)),"General","Other"))))))))))) -> Architectural | R70: =IF(F70="","",IFERROR(IF(ISNUMBER(F70),F70,DATEVALUE(F70)),"")) -> 46287
B71: HAC-RFI-000230 | C71: 0 | D71: P1000-K03206-HA-HI-ST-RFI-000062 | E71: P1000-K03206-HA-HI-ST-RFI-000062 for Villas-Drop panel issue in villa C1 | F71: 46289 | I71: HillInt-GNC-004162 | J71: 46289 | M71: HillInt-GNC-004201 | N71: 46292 | O71: Response | Q71: =IF(COUNTA(A71:P71)=0,"",IF(ISNUMBER(SEARCH("-AR-",E71)),"Architectural",IF(ISNUMBER(SEARCH("-ST-",E71)),"Structural",IF(ISNUMBER(SEARCH("-ME-",E71)),"Mechanical",IF(ISNUMBER(SEARCH("-EL-",E71)),"Electrical",IF(ISNUMBER(SEARCH("-GE-",E71)),"General",IF(ISNUMBER(SEARCH("-AR-",D71)),"Architectural",IF(ISNUMBER(SEARCH("-ST-",D71)),"Structural",IF(ISNUMBER(SEARCH("-ME-",D71)),"Mechanical",IF(ISNUMBER(SEARCH("-EL-",D71)),"Electrical",IF(ISNUMBER(SEARCH("-GE-",D71)),"General","Other"))))))))))) -> Structural | R71: =IF(F71="","",IFERROR(IF(ISNUMBER(F71),F71,DATEVALUE(F71)),"")) -> 46289
B72: HAC-RFI-000231 | C72: 0 | D72: P1000-K03206-HA-HI-ST-RFI-000063 | E72: P1000-K03206-HA-HI-ST-RFI-000063 for Beach House - Missing Foundations and Retaining Walls in Substructure Package | F72: 46289 | G72: HillInt-GNC-004164 | H72: 46289 | M72: HillInt-GNC-004203 | N72: 46292 | O72: Response | Q72: =IF(COUNTA(A72:P72)=0,"",IF(ISNUMBER(SEARCH("-AR-",E72)),"Architectural",IF(ISNUMBER(SEARCH("-ST-",E72)),"Structural",IF(ISNUMBER(SEARCH("-ME-",E72)),"Mechanical",IF(ISNUMBER(SEARCH("-EL-",E72)),"Electrical",IF(ISNUMBER(SEARCH("-GE-",E72)),"General",IF(ISNUMBER(SEARCH("-AR-",D72)),"Architectural",IF(ISNUMBER(SEARCH("-ST-",D72)),"Structural",IF(ISNUMBER(SEARCH("-ME-",D72)),"Mechanical",IF(ISNUMBER(SEARCH("-EL-",D72)),"Electrical",IF(ISNUMBER(SEARCH("-GE-",D72)),"General","Other"))))))))))) -> Structural | R72: =IF(F72="","",IFERROR(IF(ISNUMBER(F72),F72,DATEVALUE(F72)),"")) -> 46289
B73: HAC-RFI-000232 | C73: 0 | D73: P1000-K03206-HA-HI-ST-RFI-000064 | E73: P1000-K03206-HA-HI-ST-RFI-000064 for Club House - Clarification of Column Layout Discrepancies Between Superstructure and Substructure IFC Drawings. | F73: 46289 | G73: HillInt-GNC-004170 | H73: 46289 | M73: HillInt-GNC-004205 | N73: 46292 | O73: Response | Q73: =IF(COUNTA(A73:P73)=0,"",IF(ISNUMBER(SEARCH("-AR-",E73)),"Architectural",IF(ISNUMBER(SEARCH("-ST-",E73)),"Structural",IF(ISNUMBER(SEARCH("-ME-",E73)),"Mechanical",IF(ISNUMBER(SEARCH("-EL-",E73)),"Electrical",IF(ISNUMBER(SEARCH("-GE-",E73)),"General",IF(ISNUMBER(SEARCH("-AR-",D73)),"Architectural",IF(ISNUMBER(SEARCH("-ST-",D73)),"Structural",IF(ISNUMBER(SEARCH("-ME-",D73)),"Mechanical",IF(ISNUMBER(SEARCH("-EL-",D73)),"Electrical",IF(ISNUMBER(SEARCH("-GE-",D73)),"General","Other"))))))))))) -> Structural | R73: =IF(F73="","",IFERROR(IF(ISNUMBER(F73),F73,DATEVALUE(F73)),"")) -> 46289
B74: HAC-RFI-000233 | C74: 0 | D74: P1000-K03206-HA-HI-ST-RFI-000065 | E74: P1000-K03206-HA-HI-ST-RFI-000065 for Club House Clarification of Foundation Levels and Corresponding Excavation Levels. | F74: 46289 | G74: HillInt-GNC-004174 | H74: 46289 | M74: HAC-RFI-000233 | N74: 46289 | O74: Response | Q74: =IF(COUNTA(A74:P74)=0,"",IF(ISNUMBER(SEARCH("-AR-",E74)),"Architectural",IF(ISNUMBER(SEARCH("-ST-",E74)),"Structural",IF(ISNUMBER(SEARCH("-ME-",E74)),"Mechanical",IF(ISNUMBER(SEARCH("-EL-",E74)),"Electrical",IF(ISNUMBER(SEARCH("-GE-",E74)),"General",IF(ISNUMBER(SEARCH("-AR-",D74)),"Architectural",IF(ISNUMBER(SEARCH("-ST-",D74)),"Structural",IF(ISNUMBER(SEARCH("-ME-",D74)),"Mechanical",IF(ISNUMBER(SEARCH("-EL-",D74)),"Electrical",IF(ISNUMBER(SEARCH("-GE-",D74)),"General","Other"))))))))))) -> Structural | R74: =IF(F74="","",IFERROR(IF(ISNUMBER(F74),F74,DATEVALUE(F74)),"")) -> 46289
B75: HAC-RFI-000277 | C75: 1 | D75: P1000-K03206-HA-HI-ST-RFI-000065 | E75: REH-DP6/ Re: P1000-K03206-HA-HI-ST-RFI-000065-01 for Club House Clarification of Foundation Levels and Corresponding Excavation Levels. | F75: 46303 | I75: HillInt-GNC-004956 | J75: 46304 | O75: open
B76: HAC-RFI-000234 | C76: 0 | D76: P1000-K03206-HA-HI-ST-RFI-000066 | E76: P1000-K03206-HA-HI-ST-RFI-000066 for Beach House - Missing Column C46 in Substructure Package | F76: 46289 | G76: HillInt-GNC-004175 | H76: 46289 | M76: HillInt-GNC-004206 | N76: 46292 | O76: Response | Q76: =IF(COUNTA(A76:P76)=0,"",IF(ISNUMBER(SEARCH("-AR-",E76)),"Architectural",IF(ISNUMBER(SEARCH("-ST-",E76)),"Structural",IF(ISNUMBER(SEARCH("-ME-",E76)),"Mechanical",IF(ISNUMBER(SEARCH("-EL-",E76)),"Electrical",IF(ISNUMBER(SEARCH("-GE-",E76)),"General",IF(ISNUMBER(SEARCH("-AR-",D76)),"Architectural",IF(ISNUMBER(SEARCH("-ST-",D76)),"Structural",IF(ISNUMBER(SEARCH("-ME-",D76)),"Mechanical",IF(ISNUMBER(SEARCH("-EL-",D76)),"Electrical",IF(ISNUMBER(SEARCH("-GE-",D76)),"General","Other"))))))))))) -> Structural | R76: =IF(F76="","",IFERROR(IF(ISNUMBER(F76),F76,DATEVALUE(F76)),"")) -> 46289
B77: HAC-RFI-000236 | C77: 0 | D77: P1000-K03206-HA-HI-ST-RFI-000067 | E77: P1000-K03206-HA-HI-ST-RFI-000067 For Hotel_Step-In Level Reinforcement detail. | F77: 46292 | I77: HillInt-GNC-004247 | J77: 46292 | M77: HillInt-GNC-004383 | N77: 46294 | O77: Response | Q77: =IF(COUNTA(A77:P77)=0,"",IF(ISNUMBER(SEARCH("-AR-",E77)),"Architectural",IF(ISNUMBER(SEARCH("-ST-",E77)),"Structural",IF(ISNUMBER(SEARCH("-ME-",E77)),"Mechanical",IF(ISNUMBER(SEARCH("-EL-",E77)),"Electrical",IF(ISNUMBER(SEARCH("-GE-",E77)),"General",IF(ISNUMBER(SEARCH("-AR-",D77)),"Architectural",IF(ISNUMBER(SEARCH("-ST-",D77)),"Structural",IF(ISNUMBER(SEARCH("-ME-",D77)),"Mechanical",IF(ISNUMBER(SEARCH("-EL-",D77)),"Electrical",IF(ISNUMBER(SEARCH("-GE-",D77)),"General","Other"))))))))))) -> Structural | R77: =IF(F77="","",IFERROR(IF(ISNUMBER(F77),F77,DATEVALUE(F77)),"")) -> 46292
B78: HAC-RFI-000237 | C78: 0 | D78: P1000-K03206-HA-HI-ST-RFI-000068 | E78: P1000-K03206-HA-HI-ST-RFI-000068 For HOTEL – Clarification of Isolation Joint Between Retaining Walls and Adjacent Structure | F78: 46292 | I78: HillInt-GNC-004249 | J78: 46292 | M78: HillInt-GNC-004383 | N78: 46294 | O78: Response | Q78: =IF(COUNTA(A78:P78)=0,"",IF(ISNUMBER(SEARCH("-AR-",E78)),"Architectural",IF(ISNUMBER(SEARCH("-ST-",E78)),"Structural",IF(ISNUMBER(SEARCH("-ME-",E78)),"Mechanical",IF(ISNUMBER(SEARCH("-EL-",E78)),"Electrical",IF(ISNUMBER(SEARCH("-GE-",E78)),"General",IF(ISNUMBER(SEARCH("-AR-",D78)),"Architectural",IF(ISNUMBER(SEARCH("-ST-",D78)),"Structural",IF(ISNUMBER(SEARCH("-ME-",D78)),"Mechanical",IF(ISNUMBER(SEARCH("-EL-",D78)),"Electrical",IF(ISNUMBER(SEARCH("-GE-",D78)),"General","Other"))))))))))) -> Structural | R78: =IF(F78="","",IFERROR(IF(ISNUMBER(F78),F78,DATEVALUE(F78)),"")) -> 46292
B79: HAC-RFI-000238 | C79: 0 | D79: P1000-K03206-HA-HI-ST-RFI-000069 | E79: P1000-K03206-HA-HI-ST-RFI-000069 For Hotel: Missing Location and Details of Ramps Starter Walls at Basement 01. | F79: 46292 | I79: HillInt-GNC-004250 | J79: 46292 | M79: HillInt-GNC-004381 | N79: 46294 | O79: Response | Q79: =IF(COUNTA(A79:P79)=0,"",IF(ISNUMBER(SEARCH("-AR-",E79)),"Architectural",IF(ISNUMBER(SEARCH("-ST-",E79)),"Structural",IF(ISNUMBER(SEARCH("-ME-",E79)),"Mechanical",IF(ISNUMBER(SEARCH("-EL-",E79)),"Electrical",IF(ISNUMBER(SEARCH("-GE-",E79)),"General",IF(ISNUMBER(SEARCH("-AR-",D79)),"Architectural",IF(ISNUMBER(SEARCH("-ST-",D79)),"Structural",IF(ISNUMBER(SEARCH("-ME-",D79)),"Mechanical",IF(ISNUMBER(SEARCH("-EL-",D79)),"Electrical",IF(ISNUMBER(SEARCH("-GE-",D79)),"General","Other"))))))))))) -> Structural | R79: =IF(F79="","",IFERROR(IF(ISNUMBER(F79),F79,DATEVALUE(F79)),"")) -> 46292
B80: HAC-RFI-000240 | C80: 0 | D80: P1000-K03206-HA-HI-ST-RFI-000070 | E80: P1000-K03206-HA-HI-ST-RFI-000070 for Hotel Clarification Required for Stair Starter Walls in basement 01 | F80: 46292 | I80: HillInt-GNC-004298 | J80: 46292 | M80: HillInt-GNC-004621 | N80: 46299 | O80: Response | Q80: =IF(COUNTA(A80:P80)=0,"",IF(ISNUMBER(SEARCH("-AR-",E80)),"Architectural",IF(ISNUMBER(SEARCH("-ST-",E80)),"Structural",IF(ISNUMBER(SEARCH("-ME-",E80)),"Mechanical",IF(ISNUMBER(SEARCH("-EL-",E80)),"Electrical",IF(ISNUMBER(SEARCH("-GE-",E80)),"General",IF(ISNUMBER(SEARCH("-AR-",D80)),"Architectural",IF(ISNUMBER(SEARCH("-ST-",D80)),"Structural",IF(ISNUMBER(SEARCH("-ME-",D80)),"Mechanical",IF(ISNUMBER(SEARCH("-EL-",D80)),"Electrical",IF(ISNUMBER(SEARCH("-GE-",D80)),"General","Other"))))))))))) -> Structural | R80: =IF(F80="","",IFERROR(IF(ISNUMBER(F80),F80,DATEVALUE(F80)),"")) -> 46292
B81: HAC-RFI-000241 | C81: 0 | D81: P1000-K03206-HA-HI-ST-RFI-000071 | E81: P1000-K03206-HA-HI-ST-RFI-000071 for Villas – Missing Columns Details in Villa D. | F81: 46292 | I81: HillInt-GNC-004301 | J81: 46292 | M81: HillInt-GNC-004385 | N81: 46294 | O81: Response | Q81: =IF(COUNTA(A81:P81)=0,"",IF(ISNUMBER(SEARCH("-AR-",E81)),"Architectural",IF(ISNUMBER(SEARCH("-ST-",E81)),"Structural",IF(ISNUMBER(SEARCH("-ME-",E81)),"Mechanical",IF(ISNUMBER(SEARCH("-EL-",E81)),"Electrical",IF(ISNUMBER(SEARCH("-GE-",E81)),"General",IF(ISNUMBER(SEARCH("-AR-",D81)),"Architectural",IF(ISNUMBER(SEARCH("-ST-",D81)),"Structural",IF(ISNUMBER(SEARCH("-ME-",D81)),"Mechanical",IF(ISNUMBER(SEARCH("-EL-",D81)),"Electrical",IF(ISNUMBER(SEARCH("-GE-",D81)),"General","Other"))))))))))) -> Structural | R81: =IF(F81="","",IFERROR(IF(ISNUMBER(F81),F81,DATEVALUE(F81)),"")) -> 46292
B82: HAC-RFI-000242 | C82: 0 | D82: P1000-K03206-HA-HI-ST-RFI-000072 | E82: P1000-K03206-HA-HI-ST-RFI-000072 for HOTEL – Clarification of Foundation Reinforcement Directions | F82: 46292 | I82: HillInt-GNC-004304 | J82: 46292 | M82: HillInt-GNC-004386 | N82: 46294 | O82: Response | Q82: =IF(COUNTA(A82:P82)=0,"",IF(ISNUMBER(SEARCH("-AR-",E82)),"Architectural",IF(ISNUMBER(SEARCH("-ST-",E82)),"Structural",IF(ISNUMBER(SEARCH("-ME-",E82)),"Mechanical",IF(ISNUMBER(SEARCH("-EL-",E82)),"Electrical",IF(ISNUMBER(SEARCH("-GE-",E82)),"General",IF(ISNUMBER(SEARCH("-AR-",D82)),"Architectural",IF(ISNUMBER(SEARCH("-ST-",D82)),"Structural",IF(ISNUMBER(SEARCH("-ME-",D82)),"Mechanical",IF(ISNUMBER(SEARCH("-EL-",D82)),"Electrical",IF(ISNUMBER(SEARCH("-GE-",D82)),"General","Other"))))))))))) -> Structural | R82: =IF(F82="","",IFERROR(IF(ISNUMBER(F82),F82,DATEVALUE(F82)),"")) -> 46292
B83: HAC-RFI-000243 | C83: 0 | D83: P1000-K03206-HA-HI-ST-RFI-000073 | E83: P1000-K03206-HA-HI-ST-RFI-000073 for columns splice location | F83: 46292 | I83: HillInt-GNC-004330 | J83: 46292 | M83: HillInt-GNC-004376 | N83: 46294 | O83: Response | Q83: =IF(COUNTA(A83:P83)=0,"",IF(ISNUMBER(SEARCH("-AR-",E83)),"Architectural",IF(ISNUMBER(SEARCH("-ST-",E83)),"Structural",IF(ISNUMBER(SEARCH("-ME-",E83)),"Mechanical",IF(ISNUMBER(SEARCH("-EL-",E83)),"Electrical",IF(ISNUMBER(SEARCH("-GE-",E83)),"General",IF(ISNUMBER(SEARCH("-AR-",D83)),"Architectural",IF(ISNUMBER(SEARCH("-ST-",D83)),"Structural",IF(ISNUMBER(SEARCH("-ME-",D83)),"Mechanical",IF(ISNUMBER(SEARCH("-EL-",D83)),"Electrical",IF(ISNUMBER(SEARCH("-GE-",D83)),"General","Other"))))))))))) -> Structural | R83: =IF(F83="","",IFERROR(IF(ISNUMBER(F83),F83,DATEVALUE(F83)),"")) -> 46292
B84: HAC-RFI-000247 | C84: 0 | D84: P1000-K03206-HA-HI-ST-RFI-000074 | E84: P1000-K03206-HA-HI-ST-RFI-000074 For VILLAS - Pump Room relocation. | F84: 46296 | I84: HillInt-GNC-004526 | J84: 46296 | M84: HillInt-GNC-004844 | N84: 46301 | O84: Response | Q84: =IF(COUNTA(A84:P84)=0,"",IF(ISNUMBER(SEARCH("-AR-",E84)),"Architectural",IF(ISNUMBER(SEARCH("-ST-",E84)),"Structural",IF(ISNUMBER(SEARCH("-ME-",E84)),"Mechanical",IF(ISNUMBER(SEARCH("-EL-",E84)),"Electrical",IF(ISNUMBER(SEARCH("-GE-",E84)),"General",IF(ISNUMBER(SEARCH("-AR-",D84)),"Architectural",IF(ISNUMBER(SEARCH("-ST-",D84)),"Structural",IF(ISNUMBER(SEARCH("-ME-",D84)),"Mechanical",IF(ISNUMBER(SEARCH("-EL-",D84)),"Electrical",IF(ISNUMBER(SEARCH("-GE-",D84)),"General","Other"))))))))))) -> Structural | R84: =IF(F84="","",IFERROR(IF(ISNUMBER(F84),F84,DATEVALUE(F84)),"")) -> 46296
B85: HAC-RFI-000249 | C85: 0 | D85: P1000-K03206-HA-HI-ST-RFI-000075 | E85: P1000-K03206-HA-HI-ST-RFI-000075 for VILLAS - Reinforcement Values Discrepancy | F85: 46299 | I85: HillInt-GNC-004646 | J85: 46299 | M85: HillInt-GNC-004761 | N85: 46300 | O85: Response | Q85: =IF(COUNTA(A85:P85)=0,"",IF(ISNUMBER(SEARCH("-AR-",E85)),"Architectural",IF(ISNUMBER(SEARCH("-ST-",E85)),"Structural",IF(ISNUMBER(SEARCH("-ME-",E85)),"Mechanical",IF(ISNUMBER(SEARCH("-EL-",E85)),"Electrical",IF(ISNUMBER(SEARCH("-GE-",E85)),"General",IF(ISNUMBER(SEARCH("-AR-",D85)),"Architectural",IF(ISNUMBER(SEARCH("-ST-",D85)),"Structural",IF(ISNUMBER(SEARCH("-ME-",D85)),"Mechanical",IF(ISNUMBER(SEARCH("-EL-",D85)),"Electrical",IF(ISNUMBER(SEARCH("-GE-",D85)),"General","Other"))))))))))) -> Structural | R85: =IF(F85="","",IFERROR(IF(ISNUMBER(F85),F85,DATEVALUE(F85)),"")) -> 46299
B86: HAC-RFI-000262 | C86: 0 | D86: P1000-K03206-HA-HI-ST-RFI-000076 | E86: REH-DP6/ P1000-K03206-HA-HI-AR-RFI-000076 for Villa C1 Mock Up Detailed Design – Contradiction in Block Work Types and Structure Package. | F86: 46302 | I86: HillInt-GNC-004878 | J86: 46302 | O86: open | Q86: =IF(COUNTA(A86:P86)=0,"",IF(ISNUMBER(SEARCH("-AR-",E86)),"Architectural",IF(ISNUMBER(SEARCH("-ST-",E86)),"Structural",IF(ISNUMBER(SEARCH("-ME-",E86)),"Mechanical",IF(ISNUMBER(SEARCH("-EL-",E86)),"Electrical",IF(ISNUMBER(SEARCH("-GE-",E86)),"General",IF(ISNUMBER(SEARCH("-AR-",D86)),"Architectural",IF(ISNUMBER(SEARCH("-ST-",D86)),"Structural",IF(ISNUMBER(SEARCH("-ME-",D86)),"Mechanical",IF(ISNUMBER(SEARCH("-EL-",D86)),"Electrical",IF(ISNUMBER(SEARCH("-GE-",D86)),"General","Other"))))))))))) -> Architectural | R86: =IF(F86="","",IFERROR(IF(ISNUMBER(F86),F86,DATEVALUE(F86)),"")) -> 46302
B87: HAC-RFI-000263 | C87: 0 | D87: P1000-K03206-HA-HI-ST-RFI-000077 | E87: REH-DP6/ P1000-K03206-HA-HI-AR-RFI-000077 for Villa Mock-Up –Confirmation of 100% DD Package as Reference | F87: 46303 | I87: HillInt-GNC-004968 | J87: 46306 | O87: open | Q87: =IF(COUNTA(A87:P87)=0,"",IF(ISNUMBER(SEARCH("-AR-",E101)),"Architectural",IF(ISNUMBER(SEARCH("-ST-",E101)),"Structural",IF(ISNUMBER(SEARCH("-ME-",E101)),"Mechanical",IF(ISNUMBER(SEARCH("-EL-",E101)),"Electrical",IF(ISNUMBER(SEARCH("-GE-",E101)),"General",IF(ISNUMBER(SEARCH("-AR-",D101)),"Architectural",IF(ISNUMBER(SEARCH("-ST-",D101)),"Structural",IF(ISNUMBER(SEARCH("-ME-",D101)),"Mechanical",IF(ISNUMBER(SEARCH("-EL-",D101)),"Electrical",IF(ISNUMBER(SEARCH("-GE-",D101)),"General","Other"))))))))))) -> Other | R87: =IF(F101="","",IFERROR(IF(ISNUMBER(F101),F101,DATEVALUE(F101)),""))
B88: HAC-RFI-000264 | C88: 0 | D88: P1000-K03206-HA-HI-ST-RFI-000078 | E88: REH-DP6/ P1000-K03206-HA-HI-AR-RFI-000078 for Villa C1 Mock-Up – Proposed Location Change from C1-38 to C1-31 | F88: 46303 | I88: HillInt-GNC-004969 | J88: 46306 | O88: open | Q88: =IF(COUNTA(A88:P88)=0,"",IF(ISNUMBER(SEARCH("-AR-",E102)),"Architectural",IF(ISNUMBER(SEARCH("-ST-",E102)),"Structural",IF(ISNUMBER(SEARCH("-ME-",E102)),"Mechanical",IF(ISNUMBER(SEARCH("-EL-",E102)),"Electrical",IF(ISNUMBER(SEARCH("-GE-",E102)),"General",IF(ISNUMBER(SEARCH("-AR-",D102)),"Architectural",IF(ISNUMBER(SEARCH("-ST-",D102)),"Structural",IF(ISNUMBER(SEARCH("-ME-",D102)),"Mechanical",IF(ISNUMBER(SEARCH("-EL-",D102)),"Electrical",IF(ISNUMBER(SEARCH("-GE-",D102)),"General","Other"))))))))))) -> Other | R88: =IF(F102="","",IFERROR(IF(ISNUMBER(F102),F102,DATEVALUE(F102)),""))
B89: HAC-RFI-000265 | C89: 0 | D89: P1000-K03206-HA-HI-ST-RFI-000079 | E89: REH-DP6/ P1000-K03206-HA-HI-AR-RFI-000079 for DP6 – Confirmation of Low-Iron Glass Omission for all buildings | F89: 46303 | I89: HillInt-GNC-004970 | J89: 46306 | O89: open | Q89: =IF(COUNTA(A89:P89)=0,"",IF(ISNUMBER(SEARCH("-AR-",E103)),"Architectural",IF(ISNUMBER(SEARCH("-ST-",E103)),"Structural",IF(ISNUMBER(SEARCH("-ME-",E103)),"Mechanical",IF(ISNUMBER(SEARCH("-EL-",E103)),"Electrical",IF(ISNUMBER(SEARCH("-GE-",E103)),"General",IF(ISNUMBER(SEARCH("-AR-",D103)),"Architectural",IF(ISNUMBER(SEARCH("-ST-",D103)),"Structural",IF(ISNUMBER(SEARCH("-ME-",D103)),"Mechanical",IF(ISNUMBER(SEARCH("-EL-",D103)),"Electrical",IF(ISNUMBER(SEARCH("-GE-",D103)),"General","Other"))))))))))) -> Other | R89: =IF(F103="","",IFERROR(IF(ISNUMBER(F103),F103,DATEVALUE(F103)),""))
B90: HAC-RFI-000266 | C90: 0 | D90: P1000-K03206-HA-HI-ST-RFI-000080 | E90: REH-DP6/ P1000-K03206-HA-HI-AR-RFI-000080 for Villas– Confirmation of External Wall System | F90: 46303 | I90: HillInt-GNC-004971 | J90: 46306 | O90: open | Q90: =IF(COUNTA(A90:P90)=0,"",IF(ISNUMBER(SEARCH("-AR-",E104)),"Architectural",IF(ISNUMBER(SEARCH("-ST-",E104)),"Structural",IF(ISNUMBER(SEARCH("-ME-",E104)),"Mechanical",IF(ISNUMBER(SEARCH("-EL-",E104)),"Electrical",IF(ISNUMBER(SEARCH("-GE-",E104)),"General",IF(ISNUMBER(SEARCH("-AR-",D104)),"Architectural",IF(ISNUMBER(SEARCH("-ST-",D104)),"Structural",IF(ISNUMBER(SEARCH("-ME-",D104)),"Mechanical",IF(ISNUMBER(SEARCH("-EL-",D104)),"Electrical",IF(ISNUMBER(SEARCH("-GE-",D104)),"General","Other"))))))))))) -> Other | R90: =IF(F104="","",IFERROR(IF(ISNUMBER(F104),F104,DATEVALUE(F104)),""))
B91: HAC-RFI-000267 | C91: 0 | D91: P1000-K03206-HA-HI-ST-RFI-000081 | E91: REH-DP6/ P1000-K03206-HA-HI-ST-RFI-000081 for VILLAs - Clarification on Top Reinforcement of Stair Flights. | F91: 46303 | I91: HillInt-GNC-004957 | J91: 46304 | O91: open | Q91: =IF(COUNTA(A91:P91)=0,"",IF(ISNUMBER(SEARCH("-AR-",E105)),"Architectural",IF(ISNUMBER(SEARCH("-ST-",E105)),"Structural",IF(ISNUMBER(SEARCH("-ME-",E105)),"Mechanical",IF(ISNUMBER(SEARCH("-EL-",E105)),"Electrical",IF(ISNUMBER(SEARCH("-GE-",E105)),"General",IF(ISNUMBER(SEARCH("-AR-",D105)),"Architectural",IF(ISNUMBER(SEARCH("-ST-",D105)),"Structural",IF(ISNUMBER(SEARCH("-ME-",D105)),"Mechanical",IF(ISNUMBER(SEARCH("-EL-",D105)),"Electrical",IF(ISNUMBER(SEARCH("-GE-",D105)),"General","Other"))))))))))) -> Other | R91: =IF(F105="","",IFERROR(IF(ISNUMBER(F105),F105,DATEVALUE(F105)),""))
B92: HAC-RFI-000268 | C92: 0 | D92: P1000-K03206-HA-HI-ST-RFI-000082 | E92: REH-DP6/ P1000-K03206-HA-HI-AR-RFI-000082 for VILLAS - RFI – Soil Replacement for Villas on Fill < 5.0 m. | F92: 46303 | I92: HillInt-GNC-004972 | J92: 46306 | O92: open | Q92: =IF(COUNTA(A92:P92)=0,"",IF(ISNUMBER(SEARCH("-AR-",E106)),"Architectural",IF(ISNUMBER(SEARCH("-ST-",E106)),"Structural",IF(ISNUMBER(SEARCH("-ME-",E106)),"Mechanical",IF(ISNUMBER(SEARCH("-EL-",E106)),"Electrical",IF(ISNUMBER(SEARCH("-GE-",E106)),"General",IF(ISNUMBER(SEARCH("-AR-",D106)),"Architectural",IF(ISNUMBER(SEARCH("-ST-",D106)),"Structural",IF(ISNUMBER(SEARCH("-ME-",D106)),"Mechanical",IF(ISNUMBER(SEARCH("-EL-",D106)),"Electrical",IF(ISNUMBER(SEARCH("-GE-",D106)),"General","Other"))))))))))) -> Other | R92: =IF(F106="","",IFERROR(IF(ISNUMBER(F106),F106,DATEVALUE(F106)),""))
B93: HAC-RFI-000269 | C93: 0 | D93: P1000-K03206-HA-HI-ST-RFI-000083 | E93: REH-DP6/ P1000-K03206-HA-HI-AR-RFI-000083 for Villas-Confirmation of using local porcelain instead of ballas in villas roof | F93: 46303 | I93: HillInt-GNC-004973 | J93: 46306 | O93: open | Q93: =IF(COUNTA(A93:P93)=0,"",IF(ISNUMBER(SEARCH("-AR-",E107)),"Architectural",IF(ISNUMBER(SEARCH("-ST-",E107)),"Structural",IF(ISNUMBER(SEARCH("-ME-",E107)),"Mechanical",IF(ISNUMBER(SEARCH("-EL-",E107)),"Electrical",IF(ISNUMBER(SEARCH("-GE-",E107)),"General",IF(ISNUMBER(SEARCH("-AR-",D107)),"Architectural",IF(ISNUMBER(SEARCH("-ST-",D107)),"Structural",IF(ISNUMBER(SEARCH("-ME-",D107)),"Mechanical",IF(ISNUMBER(SEARCH("-EL-",D107)),"Electrical",IF(ISNUMBER(SEARCH("-GE-",D107)),"General","Other"))))))))))) -> Other | R93: =IF(F107="","",IFERROR(IF(ISNUMBER(F107),F107,DATEVALUE(F107)),""))
B94: HAC-RFI-000270 | C94: 0 | D94: P1000-K03206-HA-HI-ST-RFI-000084 | E94: REH-DP6/ P1000-K03206-HA-HI-AR-RFI-000084 for Villas Mockup – Confirmation of Mirror Detail. | F94: 46303 | I94: HillInt-GNC-004974 | J94: 46306 | O94: open | Q94: =IF(COUNTA(A94:P94)=0,"",IF(ISNUMBER(SEARCH("-AR-",E108)),"Architectural",IF(ISNUMBER(SEARCH("-ST-",E108)),"Structural",IF(ISNUMBER(SEARCH("-ME-",E108)),"Mechanical",IF(ISNUMBER(SEARCH("-EL-",E108)),"Electrical",IF(ISNUMBER(SEARCH("-GE-",E108)),"General",IF(ISNUMBER(SEARCH("-AR-",D108)),"Architectural",IF(ISNUMBER(SEARCH("-ST-",D108)),"Structural",IF(ISNUMBER(SEARCH("-ME-",D108)),"Mechanical",IF(ISNUMBER(SEARCH("-EL-",D108)),"Electrical",IF(ISNUMBER(SEARCH("-GE-",D108)),"General","Other"))))))))))) -> Other | R94: =IF(F108="","",IFERROR(IF(ISNUMBER(F108),F108,DATEVALUE(F108)),""))
B95: HAC-RFI-000271 | C95: 0 | D95: P1000-K03206-HA-HI-ST-RFI-000085 | E95: REH-DP6/ P1000-K03206-HA-HI-AR-RFI-000085 for Villas–Aluminum Profile Minimum Thickness required. | F95: 46303 | I95: HillInt-GNC-004976 | J95: 46306 | O95: open | Q95: =IF(COUNTA(A95:P95)=0,"",IF(ISNUMBER(SEARCH("-AR-",E109)),"Architectural",IF(ISNUMBER(SEARCH("-ST-",E109)),"Structural",IF(ISNUMBER(SEARCH("-ME-",E109)),"Mechanical",IF(ISNUMBER(SEARCH("-EL-",E109)),"Electrical",IF(ISNUMBER(SEARCH("-GE-",E109)),"General",IF(ISNUMBER(SEARCH("-AR-",D109)),"Architectural",IF(ISNUMBER(SEARCH("-ST-",D109)),"Structural",IF(ISNUMBER(SEARCH("-ME-",D109)),"Mechanical",IF(ISNUMBER(SEARCH("-EL-",D109)),"Electrical",IF(ISNUMBER(SEARCH("-GE-",D109)),"General","Other"))))))))))) -> Other | R95: =IF(F109="","",IFERROR(IF(ISNUMBER(F109),F109,DATEVALUE(F109)),""))
B96: HAC-RFI-000272 | C96: 0 | D96: P1000-K03206-HA-HI-ST-RFI-000086 | E96: REH-DP6/ P1000-K03206-HA-HI-AR-RFI-000086 for Villas – Confirmation of Aluminum Thermal Break System Omission. | F96: 46303 | I96: HillInt-GNC-004977 | J96: 46306 | O96: open | Q96: =IF(COUNTA(A96:P96)=0,"",IF(ISNUMBER(SEARCH("-AR-",E110)),"Architectural",IF(ISNUMBER(SEARCH("-ST-",E110)),"Structural",IF(ISNUMBER(SEARCH("-ME-",E110)),"Mechanical",IF(ISNUMBER(SEARCH("-EL-",E110)),"Electrical",IF(ISNUMBER(SEARCH("-GE-",E110)),"General",IF(ISNUMBER(SEARCH("-AR-",D110)),"Architectural",IF(ISNUMBER(SEARCH("-ST-",D110)),"Structural",IF(ISNUMBER(SEARCH("-ME-",D110)),"Mechanical",IF(ISNUMBER(SEARCH("-EL-",D110)),"Electrical",IF(ISNUMBER(SEARCH("-GE-",D110)),"General","Other"))))))))))) -> Other | R96: =IF(F110="","",IFERROR(IF(ISNUMBER(F110),F110,DATEVALUE(F110)),""))
B97: HAC-RFI-000273 | C97: 0 | D97: P1000-K03206-HA-HI-ST-RFI-000087 | E97: REH-DP6/ P1000-K03206-HA-HI-AR-RFI-000087 for Villas – Confirmation of External ِ Aluminium cladding Fire-Rated Requirements Omission. | F97: 46303 | I97: HillInt-GNC-004978 | J97: 46306 | O97: open | Q97: =IF(COUNTA(A97:P97)=0,"",IF(ISNUMBER(SEARCH("-AR-",E111)),"Architectural",IF(ISNUMBER(SEARCH("-ST-",E111)),"Structural",IF(ISNUMBER(SEARCH("-ME-",E111)),"Mechanical",IF(ISNUMBER(SEARCH("-EL-",E111)),"Electrical",IF(ISNUMBER(SEARCH("-GE-",E111)),"General",IF(ISNUMBER(SEARCH("-AR-",D111)),"Architectural",IF(ISNUMBER(SEARCH("-ST-",D111)),"Structural",IF(ISNUMBER(SEARCH("-ME-",D111)),"Mechanical",IF(ISNUMBER(SEARCH("-EL-",D111)),"Electrical",IF(ISNUMBER(SEARCH("-GE-",D111)),"General","Other"))))))))))) -> Other | R97: =IF(F111="","",IFERROR(IF(ISNUMBER(F111),F111,DATEVALUE(F111)),""))
B98: HAC-RFI-000276 | C98: 0 | D98: P1000-K03206-HA-HI-ST-RFI-000088 | E98: REH-DP6/ P1000-K03206-HA-HI-ST-RFI-000088 for Villas – Foundation thickness in Villa D. | F98: 46303 | I98: HillInt-GNC-004959 | J98: 46304 | O98: open | Q98: =IF(COUNTA(A98:P98)=0,"",IF(ISNUMBER(SEARCH("-AR-",E112)),"Architectural",IF(ISNUMBER(SEARCH("-ST-",E112)),"Structural",IF(ISNUMBER(SEARCH("-ME-",E112)),"Mechanical",IF(ISNUMBER(SEARCH("-EL-",E112)),"Electrical",IF(ISNUMBER(SEARCH("-GE-",E112)),"General",IF(ISNUMBER(SEARCH("-AR-",D112)),"Architectural",IF(ISNUMBER(SEARCH("-ST-",D112)),"Structural",IF(ISNUMBER(SEARCH("-ME-",D112)),"Mechanical",IF(ISNUMBER(SEARCH("-EL-",D112)),"Electrical",IF(ISNUMBER(SEARCH("-GE-",D112)),"General","Other"))))))))))) -> Other | R98: =IF(F112="","",IFERROR(IF(ISNUMBER(F112),F112,DATEVALUE(F112)),""))
... B100: HAC-RFI-000278 | C100: 0 | D100: P1000-K03206-HA-HI-ST-RFI-000090 | E100: REH-DP6/ P1000-K03206-HA-HI-AR-RFI-000090 for Villa C1 Mock Up– Contradiction Between Aluminum Doors Elevation and Schedule. | F100: 46303 | I100: HillInt-GNC-004979 | J100: 46306 | O100: open | Q100: =IF(COUNTA(A100:P100)=0,"",IF(ISNUMBER(SEARCH("-AR-",E114)),"Architectural",IF(ISNUMBER(SEARCH("-ST-",E114)),"Structural",IF(ISNUMBER(SEARCH("-ME-",E114)),"Mechanical",IF(ISNUMBER(SEARCH("-EL-",E114)),"Electrical",IF(ISNUMBER(SEARCH("-GE-",E114)),"General",IF(ISNUMBER(SEARCH("-AR-",D114)),"Architectural",IF(ISNUMBER(SEARCH("-ST-",D114)),"Structural",IF(ISNUMBER(SEARCH("-ME-",D114)),"Mechanical",IF(ISNUMBER(SEARCH("-EL-",D114)),"Electrical",IF(ISNUMBER(SEARCH("-GE-",D114)),"General","Other"))))))))))) -> Other | R100: =IF(F114="","",IFERROR(IF(ISNUMBER(F114),F114,DATEVALUE(F114)),""))
Q101: =IF(COUNTA(A101:P101)=0,"",IF(ISNUMBER(SEARCH("-AR-",E115)),"Architectural",IF(ISNUMBER(SEARCH("-ST-",E115)),"Structural",IF(ISNUMBER(SEARCH("-ME-",E115)),"Mechanical",IF(ISNUMBER(SEARCH("-EL-",E115)),"Electrical",IF(ISNUMBER(SEARCH("-GE-",E115)),"General",IF(ISNUMBER(SEARCH("-AR-",D115)),"Architectural",IF(ISNUMBER(SEARCH("-ST-",D115)),"Structural",IF(ISNUMBER(SEARCH("-ME-",D115)),"Mechanical",IF(ISNUMBER(SEARCH("-EL-",D115)),"Electrical",IF(ISNUMBER(SEARCH("-GE-",D115)),"General","Other"))))))))))) | R101: =IF(F115="","",IFERROR(IF(ISNUMBER(F115),F115,DATEVALUE(F115)),""))
Q102: =IF(COUNTA(A102:P102)=0,"",IF(ISNUMBER(SEARCH("-AR-",E116)),"Architectural",IF(ISNUMBER(SEARCH("-ST-",E116)),"Structural",IF(ISNUMBER(SEARCH("-ME-",E116)),"Mechanical",IF(ISNUMBER(SEARCH("-EL-",E116)),"Electrical",IF(ISNUMBER(SEARCH("-GE-",E116)),"General",IF(ISNUMBER(SEARCH("-AR-",D116)),"Architectural",IF(ISNUMBER(SEARCH("-ST-",D116)),"Structural",IF(ISNUMBER(SEARCH("-ME-",D116)),"Mechanical",IF(ISNUMBER(SEARCH("-EL-",D116)),"Electrical",IF(ISNUMBER(SEARCH("-GE-",D116)),"General","Other"))))))))))) | R102: =IF(F116="","",IFERROR(IF(ISNUMBER(F116),F116,DATEVALUE(F116)),""))
Q103: =IF(COUNTA(A103:P103)=0,"",IF(ISNUMBER(SEARCH("-AR-",E117)),"Architectural",IF(ISNUMBER(SEARCH("-ST-",E117)),"Structural",IF(ISNUMBER(SEARCH("-ME-",E117)),"Mechanical",IF(ISNUMBER(SEARCH("-EL-",E117)),"Electrical",IF(ISNUMBER(SEARCH("-GE-",E117)),"General",IF(ISNUMBER(SEARCH("-AR-",D117)),"Architectural",IF(ISNUMBER(SEARCH("-ST-",D117)),"Structural",IF(ISNUMBER(SEARCH("-ME-",D117)),"Mechanical",IF(ISNUMBER(SEARCH("-EL-",D117)),"Electrical",IF(ISNUMBER(SEARCH("-GE-",D117)),"General","Other"))))))))))) | R103: =IF(F117="","",IFERROR(IF(ISNUMBER(F117),F117,DATEVALUE(F117)),""))
Q104: =IF(COUNTA(A104:P104)=0,"",IF(ISNUMBER(SEARCH("-AR-",E118)),"Architectural",IF(ISNUMBER(SEARCH("-ST-",E118)),"Structural",IF(ISNUMBER(SEARCH("-ME-",E118)),"Mechanical",IF(ISNUMBER(SEARCH("-EL-",E118)),"Electrical",IF(ISNUMBER(SEARCH("-GE-",E118)),"General",IF(ISNUMBER(SEARCH("-AR-",D118)),"Architectural",IF(ISNUMBER(SEARCH("-ST-",D118)),"Structural",IF(ISNUMBER(SEARCH("-ME-",D118)),"Mechanical",IF(ISNUMBER(SEARCH("-EL-",D118)),"Electrical",IF(ISNUMBER(SEARCH("-GE-",D118)),"General","Other"))))))))))) | R104: =IF(F118="","",IFERROR(IF(ISNUMBER(F118),F118,DATEVALUE(F118)),""))
Q105: =IF(COUNTA(A105:P105)=0,"",IF(ISNUMBER(SEARCH("-AR-",E119)),"Architectural",IF(ISNUMBER(SEARCH("-ST-",E119)),"Structural",IF(ISNUMBER(SEARCH("-ME-",E119)),"Mechanical",IF(ISNUMBER(SEARCH("-EL-",E119)),"Electrical",IF(ISNUMBER(SEARCH("-GE-",E119)),"General",IF(ISNUMBER(SEARCH("-AR-",D119)),"Architectural",IF(ISNUMBER(SEARCH("-ST-",D119)),"Structural",IF(ISNUMBER(SEARCH("-ME-",D119)),"Mechanical",IF(ISNUMBER(SEARCH("-EL-",D119)),"Electrical",IF(ISNUMBER(SEARCH("-GE-",D119)),"General","Other"))))))))))) | R105: =IF(F119="","",IFERROR(IF(ISNUMBER(F119),F119,DATEVALUE(F119)),""))
Q106: =IF(COUNTA(A106:P106)=0,"",IF(ISNUMBER(SEARCH("-AR-",E120)),"Architectural",IF(ISNUMBER(SEARCH("-ST-",E120)),"Structural",IF(ISNUMBER(SEARCH("-ME-",E120)),"Mechanical",IF(ISNUMBER(SEARCH("-EL-",E120)),"Electrical",IF(ISNUMBER(SEARCH("-GE-",E120)),"General",IF(ISNUMBER(SEARCH("-AR-",D120)),"Architectural",IF(ISNUMBER(SEARCH("-ST-",D120)),"Structural",IF(ISNUMBER(SEARCH("-ME-",D120)),"Mechanical",IF(ISNUMBER(SEARCH("-EL-",D120)),"Electrical",IF(ISNUMBER(SEARCH("-GE-",D120)),"General","Other"))))))))))) | R106: =IF(F120="","",IFERROR(IF(ISNUMBER(F120),F120,DATEVALUE(F120)),""))
...
