Workbook

Sheet Dashboard
C2: RFI LOG DASHBOARD DP05
C4: TOTAL ITEMS | F4: PENDING | I4: RESPONDED
C6: =SUM(E15:E17) -> 36 | F6: =SUM(F15:F17) -> 12 | I6: =SUM(G15:G17) -> 24
C9: Arch | F9: ST | I9: ME
C10: Total | E10: =E15 -> 3 | F10: Total | H10: =E16 -> 32 | I10: Total | K10: =E17 -> 1
C11: Pending | E11: =F15 -> 3 | F11: Pending | H11: =F16 -> 9 | I11: Pending | K11: =F17 -> 0
C12: Responded | E12: =G15 -> 0 | F12: Responded | H12: =G16 -> 23 | I12: Responded | K12: =G17 -> 1
D14: Sheet Name | E14: Total | F14: Pending | G14: Responded | H14: Response Rate
D15: Arch | E15: =Arch!$R$1 -> 3 | F15: =Arch!$R$3 -> 3 | G15: =Arch!$R$2 -> 0 | H15: =IFERROR(G15/E15,0) -> 0
D16: ST | E16: =ST!$R$1 -> 32 | F16: =ST!$R$3 -> 9 | G16: =ST!$R$2 -> 23 | H16: =IFERROR(G16/E16,0) -> 0.71875
D17: ME | E17: =ME!$R$1 -> 1 | F17: =ME!$R$3 -> 0 | G17: =ME!$R$2 -> 1 | H17: =IFERROR(G17/E17,0) -> 1
D18: GRAND TOTAL | E18: =SUM(E15:E17) -> 36 | F18: =SUM(F15:F17) -> 12 | G18: =SUM(G15:G17) -> 24 | H18: =IFERROR(G18/E18,0) -> 0.66666667

Sheet Arch
A1: Request For Information Log For Design Pakage DP05 | Q1: ALL | R1: =COUNTA(Q$5:Q$1048576) -> 3
Q2: Response | R2: =COUNTIF(Q$5:Q$1048576,"Response ") -> 0
A3: ACC TO HILL | C3: Orascom to Hill | G3: Hill To OBMI | I3: OBMI To Hill | K3: Hill To Orascom | M3: Dewan to hill | O3: hill TO CCC | Q3: open | R3: =COUNTIF(Q$5:Q$1048576,"OPEN") -> 3
A4: Mail No | B4: Mail No2 | C4: REV | D4: RFI No | E4: Subject | F4: Date | G4: Mail No3 | H4: Date4 | I4: Mail No5 | J4: Date6 | K4: Mail No7 | L4: Date8 | M4: Mail No9 | N4: Date10 | O4: Mail No11 | P4: Date12 | Q4: Status | R4: Notes
A5: CCCEGY-RFI-000003 | B5: REH-MD1-DP5-AR-OC-HIL-RFI-0001 | C5: 0 | D5: REH-MD1-DP5-AR-OC-HIL-RFI-0001 | E5: P1000-K03205 – DP05 – REH-Wadi Yemm – Request for Information – Architectural - 0001 - Clusters ground finish floor level | F5: 46266 | G5: HillInt-RFI-001163 | H5: 46267 | Q5: open | R5: Sent To Ihab Ghaly HillInt-RFI-000484 21/6/2026
A6: CCCEGY-RFI-000002 | B6: REH-MD1-DP5-AR-OC-HIL-RFI-0002 | C6: 0 | D6: REH-MD1-DP5-AR-OC-HIL-RFI-0002 | E6: P1000-K03205 – DP05 – REH-Wadi Yemm – Request for Information – Architectural - 0002 - elevators, Dump waiter, & trolly lift dimensions & pits | F6: 46279 | G6: HillInt-GNC-003619 | H6: 46277 | Q6: open
A7: CCCEGY-RFI-000001 | B7: REH-MD1-DP5-AR-OC-HIL-RFI-0003 | C7: 0 | D7: REH-MD1-DP5-AR-OC-HIL-RFI-0003 | E7: P1000-K03205 – DP05 – REH-Wadi Yemm – Request for Information – Architectural - 0003 - Contradiction between architectural 100% schematic package & Structural IFC package | F7: 46279 | G7: HillInt-GNC-003616 | H7: 46279 | Q7: open

Sheet ST
A1: Request For Information Log For Design Pakage DP05 | Q1: ALL | R1: =COUNTA(Q$5:Q$1048576) -> 32
Q2: Response | R2: =COUNTIF(Q$5:Q$1048576,"Response ") -> 23
A3: ACC TO HILL | C3: Orascom to Hill | G3: Hill To OBMI | I3: HILL To SHKER | K3: Hill To Orascom | M3: Dewan to hill | O3: hill TO CCC | Q3: open | R3: =COUNTIF(Q$5:Q$1048576,"OPEN") -> 9
A4: Mail No | B4: Mail No2 | C4: REV | D4: RFI No | E4: Subject | F4: Date | G4: Mail No3 | H4: Date4 | I4: Mail No5 | J4: Date6 | K4: Mail No7 | L4: Date8 | M4: Mail No9 | N4: Date10 | O4: Mail No11 | P4: Date12 | Q4: Status | R4: Notes
A5: CCCEGY-RFI-000003 | B5: REH-MD1-DP5-ST-OC-HIL-RFI-0001 | C5: 0 | D5: REH-MD1-DP5-ST-OC-HIL-RFI-0001 | E5: P1000-K03205 – DP05 – REH-Wadi Yemm – Request for Information – Structure - 0001 - BRV-OVERALL EXCAVATION PLAN FOUNDATION SECTION | F5: 16/07/2026 | G5: HillInt-RTRFI-000819 | H5: 17/07/2026 | I5: OBMI-RTRFI-000024 | J5: 30/07/2026 | K5: HillInt-RTRFI-000921 | L5: 3 August 2026 | Q5: Response
A6: CCCEGY-RFI-000002 | B6: REH-MD1-DP5-ST-OC-HIL-RFI-0002 | C6: 0 | D6: REH-MD1-DP5-ST-OC-HIL-RFI-0002 | E6: P1000-K03205 – DP05 – REH-Wadi Yemm – Request for Information – Structure - 0002 - Applicable specification for DP05 works | F6: 19/07/2026 | G6: HillInt-RFI-000965 | H6: 46252 | J6: Hill To OBMI | K6: HillInt-RTRFI-001052 | L6: 46253 | Q6: Response
A7: CCCEGY-RFI-000001 | B7: REH-MD1-DP5-ST-OC-HIL-RFI-0003 | C7: 0 | D7: REH-MD1-DP5-ST-OC-HIL-RFI-0003 | E7: P1000-K03205 – DP05 – REH-Wadi Yemm – Request for Information – Structure - 0003 - Retaining system design near Cluster A -Village (V04) | F7: 19/07/2026 | K7: HillInt-RTRFI-001041 | L7: 46252 | Q7: Response
B8: REH-MD1-DP5-ST-OC-HIL-RFI-0004 | C8: 0 | D8: REH-MD1-DP5-ST-OC-HIL-RFI-0004 | E8: P1000-K03205 – DP05 – REH-Wadi Yemm – Request for Information – Structure - 0004 - Retaining system design near Cluster A -Village (V04) | F8: 22/07/2026 | G8: HillInt-RFI-000779 | H8: 23/07/2026 | I8: OBMI-RTRFI-000025 | J8: 46236 | K8: HillInt-RTRFI-000920 | L8: 46237 | Q8: Response
B9: REH-MD1-DP5-ST-OC-HIL-RFI-0005 | C9: 0 | D9: REH-MD1-DP5-ST-OC-HIL-RFI-0005 | E9: P1000-K03205 – DP05 – REH-Wadi Yemm – Request for Information – Structure - 0005 - Review Comments on DP05 Village GDR – Appendices and Calculations | F9: 46273 | G9: HillInt-RFI-000966 | H9: 46252 | K9: HillInt-RTRFI-001193 | L9: 46266 | Q9: Response
B10: REH-MD1-DP5-ST-OC-HIL-RFI-0006 | C10: 0 | D10: REH-MD1-DP5-ST-OC-HIL-RFI-0006 | E10: P1000-K03205 – DP05 – REH-Wadi Yemm – Request for Information – Structure - 0006 - Basement Excavation For DP05 | F10: 46244 | G10: HillInt-RFI-000967 | H10: 46252 | K10: HillInt-RTRFI-001072 | L10: 46254 | Q10: Response
B11: REH-MD1-DP5-ST-OC-HIL-RFI-0007 | C11: 0 | D11: REH-MD1-DP5-ST-OC-HIL-RFI-0007 | E11: P1000-K03205 – DP05 – REH-Wadi Yemm – Request for Information – Structure - 0007 - Clarification on Structural Filling/Backfilling Material Requirements | F11: 46249 | G11: HillInt-RFI-000968 | H11: 46252 | K11: HillInt-RTRFI-001194 | L11: 46266 | Q11: Response
B12: REH-MD1-DP5-ST-OC-HIL-RFI-0008 | C12: 0 | D12: REH-MD1-DP5-ST-OC-HIL-RFI-0008 | E12: P1000-K03205 – DP05 – REH-Wadi Yemm – Request for Information – Structure - 0008 - Clarification of Design Service Life Requirements for DP05 Structures | F12: 46250 | G12: HillInt-RFI-000969 | H12: 46252 | K12: HillInt-RFI-000990 | L12: 46253 | Q12: Response
B13: REH-MD1-DP5-ST-OC-HIL-RFI-0009 | C13: 0 | D13: REH-MD1-DP5-ST-OC-HIL-RFI-0009 | E13: P1000-K03205 – DP05 – REH-Wadi Yemm – Request for Information – Structure - 0009 - Clarification of Waterproofing and Damp Proofing Typical Details | F13: 46250 | G13: HillInt-RFI-000970 | H13: 46252 | K13: HillInt-RFI-000991 | L13: 46253 | Q13: Response
B14: REH-MD1-DP5-ST-OC-HIL-RFI-0010 | C14: 0 | D14: REH-MD1-DP5-ST-OC-HIL-RFI-0010 | E14: P1000-K03205 – DP05 – REH-Wadi Yemm – Request for Information – Structure - 0010 - Cluster A - Elevator pit and Sump-Pit dimensions and Location | F14: 46255 | K14: HillInt-RTRFI-001173 | L14: 46265 | Q14: Response
B15: REH-MD1-DP5-ST-OC-HIL-RFI-10-1 | C15: 1 | D15: REH-MD1-DP5-ST-OC-HIL-RFI-10-1 | E15: P1000-K03205 – DP05 – REH-Wadi Yemm – Request for Information – Structure - 0010 R1- Cluster A - Elevator pit and Sump-Pit dimensions and Location | F15: 46266 | I15: HillInt-GNC-003167 | J15: 46271 | Q15: open
B16: REH-MD1-DP5-ST-OC-HIL-RFI-0011 | C16: 0 | D16: REH-MD1-DP5-ST-OC-HIL-RFI-0011 | E16: P1000-K03205 – DP05 – REH-Wadi Yemm – Request for Information – Structure - 0011 - Cove wall retaining system and the excavation for the branded resident village (area 1.3) | F16: 46254 | G16: HillInt-RFI-001075 | H16: 46259 | K16: HillInt-RTRFI-001234 | L16: 46273 | Q16: Response
B17: REH-MD1-DP5-ST-OC-HIL-RFI-0012 | C17: 0 | D17: REH-MD1-DP5-ST-OC-HIL-RFI-0012 | E17: P1000-K03205 – DP05 – REH-Wadi Yemm – Request for Information – Structure - 0012 - proposed of Stirrups Punching Shear Reinforcement in Raft Foundation at cluster A -DP05 | F17: 46258 | G17: HillInt-RFI-001073 | H17: 46259 | K17: HillInt-RTRFI-001168 | L17: 46265 | Q17: Response
B18: REH-MD1-DP5-ST-OC-HIL-RFI-0013 | C18: 0 | D18: REH-MD1-DP5-ST-OC-HIL-RFI-0013 | E18: P1000-K03205 – DP05 – REH-Wadi Yemm – Request for Information – Structure - 0013 - Review Comments and Clarifications Required on DP05 Affiniti Draft GDR | F18: 46258 | G18: HillInt-RFI-001077 | H18: 46259 | K18: HillInt-RTRFI-001192 | L18: 46266 | Q18: Response
B19: REH-MD1-DP5-ST-OC-HIL-RFI-0013 | C19: 1 | D19: REH-MD1-DP5-ST-OC-HIL-RFI-0013 | E19: P1000-K03205 – DP05 – REH-Wadi Yemm – Request for Information – Structure - 0013 - Review Comments and Clarifications Required on DP05 Affiniti Draft GDR | F19: 46272 | K19: HillInt-GNC-004152 | L19: 46289 | Q19: Response
B20: REH-MD1-DP5-ST-OC-HIL-RFI-0014 | C20: 0 | D20: REH-MD1-DP5-ST-OC-HIL-RFI-0014 | E20: P1000-K03205 – DP05 – REH-Wadi Yemm – Request for Information – Structure - 0014 - Clarification on Retaining System details at Afiniti – Cove Side | F20: 46265 | G20: HillInt-RFI-001116 | H20: 46265 | Q20: open
B21: REH-MD1-DP5-ST-OC-HIL-RFI-0015 | C21: 0 | D21: REH-MD1-DP5-ST-OC-HIL-RFI-0015 | E21: P1000-K03205 – DP05 – REH-Wadi Yemm – Request for Information – Structure - 0015 - Cluster B – Miss Coordination Between Arch & STR | F21: 46271 | G21: HillInt-RFI-001178 | H21: 46271 | K21: HillInt-GNC-004388 | L21: 46294 | Q21: Response
B22: REH-MD1-DP5-ST-OC-HIL-RFI-0016 | C22: 0 | D22: REH-MD1-DP5-ST-OC-HIL-RFI-0016 | E22: P1000-K03205 – DP05 – REH-Wadi Yemm – Request for Information – Structure - 0016 - Cluster-A01& Cluster-A02 Coordinates and Structure Foundation Clarification | F22: 46273 | G22: HillInt-GNC-003646 | H22: 46279 | K22: HillInt-GNC-004014 | L22: 46286 | Q22: Response
B23: REH-MD1-DP5-ST-OC-HIL-RFI-0017 | C23: 0 | D23: REH-MD1-DP5-ST-OC-HIL-RFI-0017 | E23: FL To HILL: REH.08.26.3205-00-OCC-ZZ-FL-000017 – Response to Outstanding Submission of Soil Investigation and Borehole Test Results | F23: 46274 | K23: HillInt-RTRFI-001282 | L23: 46289 | Q23: Response
B24: REH-MD1-DP5-ST-OC-HIL-RFI-0018 | C24: 0 | D24: REH-MD1-DP5-ST-OC-HIL-RFI-0018 | E24: P1000-K03205 – DP05 – REH-Wadi Yemm – Request for Information – Structure - 0018 - AFINITI Excavation For DP05 | F24: 46281 | K24: HillInt-RTRFI-001279 | L24: 46286 | Q24: Response
B25: REH-MD1-DP5-ST-OC-HIL-RFI-0019 | C25: 0 | D25: REH-MD1-DP5-ST-OC-HIL-RFI-0019 | E25: P1000-K03205 – DP05 – REH-Wadi Yemm – Request for Information – Structure - 0019 - Clarification on Soil Replacement Requirements for the Remaining Part at F.F.L. +22.00 | F25: 46281 | K25: HillInt-RTRFI-001280 | L25: 46286 | Q25: Response
B26: REH-MD1-DP5-ST-OC-HIL-RFI-0020 | C26: 0 | D26: REH-MD1-DP5-ST-OC-HIL-RFI-0020 | E26: P1000-K03205 – DP05 – REH-Wadi Yemm – Request for Information – Structure - 0020 - Review and Confirmation of Soil Replacement – Basement at Level +17.00 m - Part 3 | F26: 46282 | K26: HillInt-RTRFI-001278 | L26: 46286 | Q26: Response
B27: REH-MD1-DP5-ST-OC-HIL-RFI-0021 | C27: 0 | D27: REH-MD1-DP5-ST-OC-HIL-RFI-0021 | E27: P1000-K03205 – DP05 – REH-Wadi Yemm – Request for Information – Structure - 0021 - Village Basement (Area 1.2) – Clashes Between STR & ARCH | F27: 46288 | G27: HillInt-GNC-004171 | H27: 46289 | K27: HillInt-GNC-004443 | L27: 46295 | Q27: Response
B28: REH-MD1-DP5-ST-OC-HIL-RFI-0022 | C28: 0 | D28: REH-MD1-DP5-ST-OC-HIL-RFI-0022 | E28: P1000-K03205 – DP05 – REH-Wadi Yemm – Request for Information – Structure - 0022 - Village Basement (Area 1.2) – Sump Pit Location | F28: 46289 | G28: HillInt-GNC-004173 | H28: 46289 | K28: HillInt-GNC-004568 | L28: 46296 | Q28: Response
B29: REH-MD1-DP5-ST-OC-HIL-RFI-0023 | C29: 0 | D29: REH-MD1-DP5-ST-OC-HIL-RFI-0023 | E29: P1000-K03205 – DP05 – REH-Wadi Yemm – Request for Information – Structure - 0023 - Review Comments and Clarifications Required on Structural Design of Columns and Foundations for Clusters A01, A02, and A04 - Village Area | F29: 46294 | G29: HillInt-GNC-004446 | H29: 46289 | K29: HillInt-GNC-004729 | L29: 46300 | Q29: Response
B30: REH-MD1-DP5-ST-OC-HIL-RFI-0024 | C30: 0 | D30: REH-MD1-DP5-ST-OC-HIL-RFI-0024 | E30: P1000-K03205 – DP05 – REH-Wadi Yemm – Request for Information – Structure - 0024 - Review Comments and Clarifications Required on Final GDR for DP05-DP01 and DP05-DP04 Interface Walls | F30: 46298 | G30: HillInt-GNC-004600 | H30: 46299 | Q30: open
B31: REH-MD1-DP5-ST-OC-HIL-RFI-0025 | C31: 0 | D31: REH-MD1-DP5-ST-OC-HIL-RFI-0025 | E31: P1000-K03205 – DP05 – REH-Wadi Yemm – Request for Information – Structure - 0025 - Review Comments and Clarifications Required on DP05 Affiniti GDR – Addendum | F31: 46298 | G31: HillInt-GNC-004596 | H31: 46299 | Q31: open
B32: REH-MD1-DP5-ST-OC-HIL-RFI-0026 | C32: 0 | D32: REH-MD1-DP5-ST-OC-HIL-RFI-0026 | E32: P1000-K03205 – DP05 – REH-Wadi Yemm – Request for Information – Structure - 0026 - Required geotechnical recommendations for the front part of Afiniti – near step (1) | F32: 46298 | G32: HillInt-GNC-004597 | H32: 46299 | Q32: open
B33: REH-MD1-DP5-ST-OC-HIL-RFI-0027 | C33: 0 | D33: REH-MD1-DP5-ST-OC-HIL-RFI-0027 | E33: P1000-K03205 – DP05 – REH-Wadi Yemm – Request for Information – Structure - 0027 - Expansion Joint Location and Dimension Conflicts at Village Basement Level | F33: 46299 | G33: HillInt-GNC-004687 | H33: 46300 | Q33: open
B34: REH-MD1-DP5-ST-OC-HIL-RFI-0028 | C34: 0 | D34: REH-MD1-DP5-ST-OC-HIL-RFI-0028 | E34: P1000-K03205 – DP05 – REH-Wadi Yemm – Request for Information – Structure - 0028 - Comments on DP05 Afiniti Diaphragm Cliff Wall 3 - Reinforcement Details | F34: 46300 | G34: HillInt-GNC-004790 | H34: 46301 | Q34: open
B35: REH-MD1-DP5-ST-OC-HIL-RFI-0029 | C35: 0 | D35: REH-MD1-DP5-ST-OC-HIL-RFI-0029 | E35: P1000-K03205 – DP05 – REH-Wadi Yemm – Request for Information – Structure - 0029 - Request for Foundation Design Package - Afiniti Hotel | F35: 46306 | Q35: open
B36: REH-MD1-DP5-ST-OC-HIL-RFI-0030 | C36: 0 | D36: REH-MD1-DP5-ST-OC-HIL-RFI-0030 | E36: P1000-K03205 – DP05 – REH-Wadi Yemm – Request for Information – Structure - 0030 - Conflicts Between Carnelia’s G.I.R. & Carnelia’s Excavation IFC Package | F36: 46306 | Q36: open

Sheet ME
A1: Request For Information Log For Design Pakage DP05 | Q1: ALL | R1: =COUNTA(Q$5:Q$1048576) -> 1
Q2: Response | R2: =COUNTIF(Q$5:Q$1048576,"Response ") -> 1
A3: ACC TO HILL | C3: Orascom to Hill | G3: Hill To OBMI | I3: OBMI To Hill | K3: Hill To Orascom | M3: Dewan to hill | O3: hill TO CCC | Q3: OPEN | R3: =COUNTIF(Q$5:Q$1048576,"OPEN") -> 0
A4: Mail No | B4: Mail No | C4: REV | D4: RFI No | E4: Subject | F4: Date | G4: Mail No | H4: Date | I4: Mail No | J4: Date | K4: Mail No | L4: Date | M4: Mail No | N4: Date | O4: Mail No | P4: Date | Q4: Status | R4: Notes
A5: CCCEGY-RFI-000003 | B5: REH-MD1-DP5-ME-OC-HIL-RFI-0001 | C5: 0 | D5: REH-MD1-DP5-ME-OC-HIL-RFI-0001 | E5: P1000-K03205 – DP05 – REH-Wadi Yemm – Request for Information – Mechanical - 0001 - Clarification for drainage system for clusters | F5: 46268 | K5: HillInt-RTRFI-001281 | L5: 46287 | Q5: Response | S5: Sent To Ihab Ghaly HillInt-RFI-000484 21/6/2026 | T5: Sent To Al Ain HillInt-RFI-000516 24/6/2026
A6: CCCEGY-RFI-000001
