Workbook
Name Action: #REF!
Name Buidling: #REF!
Name Discipline: #REF!
Name Level: #REF!
Name Type: #REF!

Sheet Dashboard
A1: SITE CLARIFICATION LOG DASHBOARD DP01
A3: Automatic summary of Pending and Responded items for every sheet
A5: TOTAL ITEMS | D5: PENDING | G5: RESPONDED
A7: =B17 -> 1709 | D7: =C17 -> 95 | G7: =D17 -> 1614
A10: Sheet Name | B10: Total | C10: Pending | D10: Responded | E10: Response Rate
A11: GN | B11: =COUNTIF(GN!K5:K10000,"Pending")+COUNTIF(GN!K5:K10000,"Responded") -> 14 | C11: =COUNTIF(GN!K5:K10000,"Pending") -> 3 | D11: =COUNTIF(GN!K5:K10000,"Responded") -> 11 | E11: =IF(B11=0,0,D11/B11) -> 0.78571429
A12: ST | B12: =COUNTIF(ST!K5:K9999,"Pending")+COUNTIF(ST!K5:K9999,"Responded") -> 963 | C12: =COUNTIF(ST!K5:K9999,"Pending") -> 36 | D12: =COUNTIF(ST!K5:K9999,"Responded") -> 927 | E12: =IF(B12=0,0,D12/B12) -> 0.96261682
A13: AR | B13: =COUNTIF(AR!K5:K60,"Pending")+COUNTIF(AR!K5:K60,"Responded") -> 56 | C13: =COUNTIF(AR!K5:K60,"Pending") -> 6 | D13: =COUNTIF(AR!K5:K60,"Responded") -> 50 | E13: =IF(B13=0,0,D13/B13) -> 0.89285714
A14: EL | B14: =COUNTIF(EL!K5:K10000,"Pending")+COUNTIF(EL!K5:K10000,"Responded") -> 352 | C14: =COUNTIF(EL!K5:K10000,"Pending") -> 22 | D14: =COUNTIF(EL!K5:K10000,"Responded") -> 330 | E14: =IF(B14=0,0,D14/B14) -> 0.9375
A15: ME | B15: =COUNTIF(ME!K5:K9999,"Pending")+COUNTIF(ME!K5:K9999,"Responded") -> 303 | C15: =COUNTIF(ME!K5:K9999,"Pending") -> 25 | D15: =COUNTIF(ME!K5:K9999,"Responded") -> 278 | E15: =IF(B15=0,0,D15/B15) -> 0.91749175
A16: Telecom | B16: =COUNTIF(Telecom!H5:H9999,"Pending")+COUNTIF(Telecom!H5:H9999,"Responded") -> 21 | C16: =COUNTIF(Telecom!H5:H9999,"Pending") -> 3 | D16: =COUNTIF(Telecom!H5:H9999,"Responded") -> 18 | E16: =IF(B16=0,0,D16/B16) -> 0.85714286
A17: GRAND TOTAL | B17: =SUM(B11:B16) -> 1709 | C17: =SUM(C11:C16) -> 95 | D17: =SUM(D11:D16) -> 1614 | E17: =IF(B17=0,0,D17/B17) -> 0.94441194
A23: GN | D23: ST | G23: AR
A24: Total | B24: =B11 -> 14 | D24: Total | E24: =B12 -> 963 | G24: Total | H24: =B13 -> 56
A25: Pending | B25: =C11 -> 3 | D25: Pending | E25: =C12 -> 36 | G25: Pending | H25: =C13 -> 6
A26: Responded | B26: =D11 -> 11 | D26: Responded | E26: =D12 -> 927 | G26: Responded | H26: =D13 -> 50
A28: EL | D28: ME | G28: Telecom
A29: Total | B29: =B14 -> 352 | D29: Total | E29: =B15 -> 303 | G29: Total | H29: =B16 -> 21
A30: Pending | B30: =C14 -> 22 | D30: Pending | E30: =C15 -> 25 | G30: Pending | H30: =C16 -> 3
A31: Responded | B31: =D14 -> 330 | D31: Responded | E31: =D15 -> 278 | G31: Responded | H31: =D16 -> 18

Sheet GN
G2: Site Clarification Request ( General )
D4: Ref. | E4: Mail No | F4: Rev. | G4: Subject | H4: Sub-Building | I4: Issue Date | J4: Received Date | K4: Action
D5: REH-MD01-MDU-ZZ-OC-Hil-1025-SCR-000001 | E5: REH-MD01-ZZ-OC-Hil-1025-SCR-01 | F5: 0 | G5: REH-MDU - Wadi Yemm - Missing data for Apartments Arch & MEP 50% DD Package at plot 1025 | H5: 1025 | I5: 46145 | J5: 46148 | K5: Responded
D6: REH-MD01-MDU-ZZ-OC-Hil-1025-SCR-000002 | E6: OC-SCR-000589 | F6: 0 | G6: REH-MDU - Wadi Yemm - Changing the location of panel board in apartment (Q2-3) - Plot 1025 | H6: 1025 | I6: 46231 | J6: 46237 | K6: Responded
D7: REH-MD01-MDU-ZZ-OC-Hil-1044-SCR-000001 | E7: OC-SCR-000659 | F7: 0 | G7: REH-MDU - Wadi Yemm - Dropping slap in spa areas & clash beam with door | H7: 1044 | I7: 46237 | J7: 46246 | K7: Responded
D8: REH-MD01-MDU-ZZ-OC-Hil-1031-SCR-000001 | E8: OC-SCR-000690 | F8: 0 | G8: REH-MDU - Wadi Yemm - SCR – Clarification Regarding Electrical and LC Outlets and Devices Mounting Heights in the (Shaker Package) | H8: 1031 | I8: 46240 | J8: 46244 | K8: Responded
D9: REH-MD01-MDU-ZZ-OC-Hil-1031-SCR-000002 | E9: OC-SCR-000691 | F9: 0 | G9: REH-MDU - Wadi Yemm - SCR – Clarification Regarding the Mounting Heights of Electrical and ELV Devices Inside the Elevator Shaft (Shaker Package | H9: 1031 | I9: 46240 | J9: 46245 | K9: Responded
D10: REH-MD01-MDU-ZZ-OC-Hil-1044-SCR-000002 | E10: OC-SCR-000713 | F10: 0 | G10: REH-MDU - Wadi Yemm - beam with wall arch & clash wall arch & str | H10: 1044 | I10: 46243 | J10: 46251 | K10: Responded
D11: REH-MD01-MDU-ZZ-OC-Hil-1021-SCR-000001 | E11: OC-SCR-000731 | F11: 0 | G11: REH-MDU - Wadi Yemm - Changing the location of panel board in apartment (Q3-3BHK) - Plot 1021 | H11: 1021 | I11: 46243 | J11: 46256 | K11: Responded
D12: REH-MD01-MDU-ZZ-OC-Hil-1024-SCR-000001 | E12: OC-SCR-000791 | F12: 0 | G12: REH-MDU - Wadi Yemm - Clarification Regarding the Mounting Heights of Electrical and ELV Devices Inside the Elevator Shaft (ECG Package) | H12: 1024 | I12: 46247 | J12: 46253 | K12: Responded
D13: REH-MD01-MDU-ZZ-OC-Hil-1044-SCR-000003 | E13: OC-SCR-000954 | F13: 0 | G13: REH-MDU - Wadi Yemm - Staircase Coordination Clarification | H13: 1044 | I13: 46260 | J13: 46274 | K13: Responded
D14: REH-MD01-MDU-ZZ-OC-Hil-1025-SCR-000003 | E14: OC-SCR-001170 | F14: 0 | G14: REH-MDU - Wadi Yemm - Plot 1025- MEP Openings in beams | H14: 1025 | I14: 46280 | J14: 46281 | K14: Responded
D15: REH-MD01-MDU-ZZ-OC-Hil-1044-SCR-000004 | E15: OC-SCR-001321 | F15: 0 | G15: REH-MDU - Wadi Yemm - Column Alignment at the Slab Edge and Omission of Beam CA3 | H15: 1044 | I15: 46289 | J15: 46292 | K15: Responded
D16: REH-MD01-MDU-ZZ-OC-Hil-1021-SCR-000002 | E16: OC-SCR-001366 | F16: 0 | G16: REH-MDU - Wadi Yemm - Plot 1021 -Ground level -Attic Slab-part 04 | H16: 1021 | I16: 46295 | K16: Pending
D17: REH-MD01-MDU-SS-OC-Hil-1018-SCR-000029 | E17: OC-SCR-001419 | F17: 0 | G17: REH-MD01-MDU-SS-OC-Hil-1018-SCR-000029 - Corridor CCTV Coverage Not Complete - PLOT#1018 - FIRST FLOOR | H17: 1081 | I17: 46300 | K17: Pending
D18: REH-MD01-MDU-ZZ-OC-Hil-1031-SCR-000003 | E18: OC-SCR-001434 | F18: 0 | G18: REH-MD01-MDU-ZZ-OC-Hil-1031-SCR-000003-SP02-Plot 1031,1032,1033 FOR all typical stair RFT detail. (Missing Reinforcement Details) | H18: 1031 | I18: 46301 | K18: Pending

Sheet ST
A1: Project Name:- REH Wadi Yemm DP01 - Sea Town Center
A2: Location:- Northern coast near Ras Al Hekma Cape, Egypt. | G2: Site Clarification Request ( Structural )
A3: Employer:- Modon.
A4: Lead Consultant:- SHAKER & ECG | D4: Ref. | E4: Mail No | F4: Rev. | G4: Subject | H4: Sub-Building | I4: Issue Date | J4: Received Date | K4: Action
D5: P0155-RA06-SCR-ST-OC-DAR-000001 | F5: 0 | G5: P0155 - K00146 – REH Wadi Yemm - Sea Town Center - Missing data and discrepancy at plot 1024 | H5: RA06 | I5: 46012 | J5: 46013 | K5: Responded
D6: P0155-RA06-SCR-ST-OC-DAR-000002 | F6: 0 | G6: P0155 - K00146 – REH Wadi Yemm - Sea Town Center - Missing data and discrepancy (2) at plot 1024 | H6: RA06 | I6: 46013 | J6: 46017 | K6: Responded
D7: P0155-RA04-SCR-ST-OC-DAR-000001 | F7: 0 | G7: P0155 - K00146 – REH Wadi Yemm - Sea Town Center - Missing data and discrepancy at plot 1025 | H7: RA04 | I7: 46014 | J7: 46015 | K7: Responded
D8: P0155-RA00-SCR-ST-OC-DAR-000001 | F8: 0 | G8: P0155 - K00146 – REH Wadi Yemm - Sea Town Center - Cement Type for Concrete Materials (Wadi Yemm Project) | H8: RA00 | I8: 46014 | K8: Pending
D9: P0155-RA06-SCR-ST-OC-DAR-000003 | F9: 0 | G9: P0155 - K00146 – REH Wadi Yemm - Sea Town Center - Discrepancy Between StructuraL and Architectural Drawings plot 1024 | H9: RA06 | I9: 46016 | J9: 46018 | K9: Responded
D10: P0155-RA04-SCR-ST-OC-DAR-000002 | F10: 0 | G10: P0155 - K00146 – REH Wadi Yemm - Sea Town Center - Missing data and discrepancy (2) at plot 1025 | H10: RA04 | I10: 46018 | J10: 46020 | K10: Responded
D11: P0155-RA06-SCR-ST-OC-DAR-000004 | F11: 0 | G11: P0155 - K00146 – REH Wadi Yemm - Sea Town Center -Missing data and conflicts in columns (1) in plot 1024 | H11: RA06 | I11: 46019 | J11: 46021 | K11: Responded
D12: P0155-RA06-SCR-ST-OC-DAR-000005 | F12: 0 | G12: P0155 - K00146 – REH Wadi Yemm - Sea Town Center - Missing data and conflicts in columns (2) in plot 1024 | H12: RA06 | I12: 46019 | J12: 46021 | K12: Responded
D13: P0155-RA03-SCR-ST-OC-DAR-000001 | F13: 0 | G13: P0155 - K00146 – REH Wadi Yemm - Sea Town Center - Missing and Conflict data at plot 1047 | H13: RA03 | I13: 46027 | J13: 46033 | K13: Responded
D14: P0155-RA03-SCR-ST-OC-DAR-000002 | F14: 0 | G14: P0155 - K00146 – REH Wadi Yemm - Sea Town Center - Missing and Conflict data at plot 1047 | H14: RA03 | I14: 46032 | J14: 46033 | K14: Responded
D15: P0155-RA06-SCR-ST-OC-DAR-000006 | F15: 0 | G15: P0155 - K00146 – REH Wadi Yemm - Sea Town Center - Missing data and conflicts in columns in plot 1024 | H15: RA06 | I15: 46034 | J15: 46196 | K15: Responded
D16: P0155-RA04-SCR-ST-OC-DAR-000003 | F16: 0 | G16: P0155 - K00146 – REH Wadi Yemm - Sea Town Center - Missing data and discrepancy (3) at plot 1025 COL&SLABS | H16: RA04 | I16: 46034 | J16: 46036 | K16: Responded
D17: P0155-RA05-SCR-ST-OC-DAR-000001 | F17: 0 | G17: P0155 - K00146 – REH Wadi Yemm - Sea Town Center - Missing and Conflict data at plot 1026 | H17: RA05 | I17: 46036 | K17: Pending
D18: P0155-RA06-SCR-ST-OC-DAR-000007 | F18: 0 | G18: P0155 - K00146 – REH Wadi Yemm - Sea Town Center - Missing data and conflicts in plot 1024 | H18: RA06 | I18: 46043 | K18: Pending
D19: P0155-RA05-SCR-ST-OC-DAR-000002 | F19: 0 | G19: P0155 - K00146 – REH Wadi Yemm - Sea Town Center - Missing and Conflict data at plot 1026 | H19: RA05 | I19: 46050 | J19: 46106 | K19: Responded
D20: P0155-RA03-SCR-ST-OC-DAR-000003 | F20: 0 | G20: P0155 - K00146 – REH Wadi Yemm - Sea Town Center - Missing data at plot 1047 | H20: RA03 | I20: 46056 | J20: 46068 | K20: Responded
D21: P0155-RA03-SCR-ST-OC-DAR-000004 | F21: 0 | G21: P0155 - K00146 – REH Wadi Yemm - Sea Town Center - Missing data at plot 1047 | H21: RA03 | I21: 46058 | J21: 46068 | K21: Responded
D22: P0155-RA01-SCR-ST-OC-DAR-000001 | F22: 0 | G22: P0155 - K00146 – REH Wadi Yemm - Sea Town Center - Excavation Level required for area infront of Plot 1036 | H22: RA01 | I22: 46056 | J22: 46089 | K22: Responded
D23: P0155-RA03-SCR-ST-OC-DAR-000005 | F23: 0 | G23: P0155 - K00146 – REH Wadi Yemm - Sea Town Center - Data Conflict in plot 1047 | H23: RA03 | I23: 46060 | J23: 46068 | K23: Responded
D24: P0155-RA07-SCR-ST-OC-DAR-000001 | F24: 0 | G24: P0155 - K00146 – REH Wadi Yemm - Sea Town Center - Discrepancy and missing data at Drawings supper plot 01 | H24: RA07 | I24: 46060 | J24: 46072 | K24: Responded
D25: P0155-RA07-SCR-ST-OC-DAR-000002 | F25: 0 | G25: P0155 - K00146 – REH Wadi Yemm - Sea Town Center - Horizontal protection layer and missing axis at supper plot 01 | H25: RA07 | I25: 46063 | J25: 46085 | K25: Responded
D26: P0155-RA04-SCR-ST-OC-DAR-000004 | F26: 0 | G26: P0155 - K00146 – REH Wadi Yemm - Sea Town Center - Missing Structure and Archecture details for stairs at plot 1025 | H26: RA04 | I26: 46034 | J26: 46086 | K26: Responded
D27: P0155-RA00-SCR-BM-OC-DAR-000001 | F27: 0 | G27: P0155 - K00146 – REH Wadi Yemm - Sea Town Center - Approval to use Revit 2026 | H27: RA00 | I27: 46067 | J27: 46080 | K27: Responded
D28: P0155-RA10-SCR-ST-OC-DAR-000001 | F28: 0 | G28: P0155 - K00146 – REH Wadi Yemm - Sea Town Center - Levls PC &RC at plot 1021 | H28: RA10 | I28: 46070 | J28: 46075 | K28: Responded
D29: P0155-RA07-SCR-ST-OC-DAR-000003 | F29: 0 | G29: P0155 - K00146 – REH Wadi Yemm - Sea Town Center - Super Plot 01 – Discrepancies and Missing Data | H29: RA07 | I29: 46070 | J29: 46098 | K29: Responded
D30: P0155-RA09-SCR-ST-OC-DAR-000001 | F30: 0 | G30: P0155 - K00146 – REH Wadi Yemm - Sea Town Center - Conflict Data in Plot 1044 | H30: RA09 | I30: 46070 | J30: 46091 | K30: Responded
... D35: P0155-RA10-SCR-ST-OC-DAR-000003 | F35: 0 | G35: P0155 - K00146 – REH Wadi Yemm - Sea Town Center - Missing Data in Plot 1021 | H35: RA10 | I35: 46072 | J35: 46085 | K35: Responded
D36: P0155-RA04-SCR-ST-OC-DAR-000005 | F36: 0 | G36: P0155 - K00146 – REH Wadi Yemm - Sea Town Center - Missing Column at plot 1036 part 04 | H36: 1036 | I36: 46034 | J36: 46083 | K36: Responded
D37: P0155-RA02-SCR-ST-OC-DAR-000003 | F37: 0 | G37: P0155 - K00146 – REH Wadi Yemm - Sea Town Center - Missing Retaining Walls details & cores conflicts – Plot 1028 | H37: RA02 | I37: 46074 | J37: 46079 | K37: Responded
D38: P0155-RA10-SCR-ST-OC-DAR-000004 | F38: 0 | G38: P0155 - K00146 – REH Wadi Yemm - Sea Town Center - Missing Data in Plot 1021 | H38: RA10 | I38: 46075 | J38: 46085 | K38: Responded
D39: P0155-RA04-SCR-ST-OC-DAR-000006 | F39: 0 | G39: P0155 - K00146 – REH Wadi Yemm - Sea Town Center - Discrepency in additional reinforcement diameter of Retaining wall at plot 1036 part 02 | H39: 1036 | I39: 46075 | J39: 46086 | K39: Responded
D40: P0155-RA06-SCR-ST-OC-DAR-000008 | F40: 0 | G40: P0155 - K00146 – REH Wadi Yemm - Sea Town Center - IFC Clarification at plot 1025 | H40: 1025 | I40: 46077 | J40: 46085 | K40: Responded
D41: P0155-RA07-SCR-ST-OC-DAR-000004 | F41: 0 | G41: P0155 - K00146 – REH Wadi Yemm - Sea Town Cente Super Plot 01 – Discrepancies and Missing Data | H41: RA07 | I41: 46078 | J41: 46087 | K41: Responded
D42: P0155-RA07-SCR-ST-OC-DAR-000005 | F42: 0 | G42: P0155 - K00146 – REH Wadi Yemm - Sea Town Cente conflict at B1 slab plot 1025 | H42: 1025 | I42: 46078 | J42: 46084 | K42: Responded
D43: REH-MD01-MDU-ST-OC-DAR-1047-SCR-000001 | F43: 0 | G43: REH-MD01 - Wadi Yemm - Sea Town Discrepancies in beams & toilet FFL for Plot 1047 | H43: 1047 | I43: 46079 | J43: 46085 | K43: Responded
D44: REH-MD01-MDU-ST-OC-DAR-1029-SCR-000001 | F44: 00 | G44: REH-MD01 - Wadi Yemm - Sea Town Super Plot 01 – Discrepancies and Missing Data | H44: 1029 | I44: 46081 | J44: 46098 | K44: Responded
D45: REH-MD01-MDU-ST-OC-DAR-1036-SCR-000001 | F45: 00 | G45: REH-MD01 - Wadi Yemm - Sea Town- Missing Columnns on axis (10) in the design drawing details at plot 1036 | H45: 1036 | I45: 46083 | J45: 46087 | K45: Responded
D46: REH-MD01-MDU-ST-OC-DAR-1021-SCR-000001 | F46: 00 | G46: REH-MD01 - Wadi Yemm - Sea Town- Missing Section Details For W3)) & Contradiction between (plan &section for Service Pit. | H46: 1021 | I46: 46083 | J46: 46085 | K46: Responded
D47: REH-MD01-MDU-ST-OC-DAR-1022-SCR-000001 | F47: 00 | G47: REH-MD01 - Wadi Yemm - Sea Town- Missing setting out plan for super plot 06 | H47: 1022 | I47: 46084 | J47: 46092 | K47: Responded
D48: REH-MD01-MDU-ST-OC-DAR-1021-SCR-000002 | F48: 00 | G48: REH-MD01 - Wadi Yemm - Sea Town- Contradiction between (plan &section for Service Pit ) | H48: 1021 | I48: 46087 | J48: 46098 | K48: Responded
D49: REH-MD01-MDU-ST-OC-DAR-1025-SCR-000001 | F49: 00 | G49: REH-MD01 - Wadi Yemm - Sea Town- BEAMS AT STAIRS AREA at plot 1025 | H49: 1025 | I49: 46087 | J49: 46096 | K49: Responded
D50: REH-MD01-MDU-ST-OC-DAR-1028-SCR-000001 | F50: 00 | G50: REH-MD01 - Wadi Yemm - Sea Town- CONFLICT BETWEEN ARCH & STRUCTURE DRAWINGS | H50: 1028 | I50: 46087 | J50: 46096 | K50: Responded
D51: REH-MD01-MDU-ST-OC-DAR-1029-SCR-000002 | F51: 00 | G51: REH-MD01 - Wadi Yemm - Sea Town- Super Plot 01 – Discrepancies and Missing Data Regarding columns | H51: 1029 | I51: 46087 | J51: 46099 | K51: Responded
D52: REH-MD01-MDU-ST-OC-DAR-1036-SCR-000002 | F52: 00 | G52: REH-MD01 - Wadi Yemm - Sea Town- conflict between the structural and architectural column &There is a shift between the structural and architectural Axis & The stairs are shown in the architectural drawings but not shown in the structural drawings | H52: 1036 | I52: 46087 | J52: 46099 | K52: Responded
D53: REH-MD01-MDU-ST-OC-DAR-1047-SCR-000002 | F53: 00 | G53: REH-MD01 - Wadi Yemm - Sea Town- Discrepancies in Ground Plan for Plot 1047 | H53: 1047 | I53: 46087 | J53: 46096 | K53: Responded
D54: REH-MD01-MDU-ST-OC-DAR-1021-SCR-000003 | F54: 00 | G54: REH-MD01 - Wadi Yemm - Sea Town- Tower Crane's Footing in Plot 1021 | H54: 1021 | I54: 46088 | J54: 46091 | K54: Responded
D55: REH-MD01-MDU-ST-OC-DAR-1044-SCR-000001 | F55: 00 | G55: REH-MD01 - Wadi Yemm - Sea Town- Levls PC &RC at plot 1044 | H55: 1044 | I55: 46088 | J55: 46106 | K55: Responded
... D57: REH-MD01-MDU-ST-OC-DAR-1026-SCR-000001 | F57: 00 | G57: REH-MD01 - Wadi Yemm - Sea Town- Core opennings, stairs, Ramps & Axes descrepancies | H57: 1026 | I57: 46090 | J57: 46098 | K57: Responded
D58: REH-MD01-MDU-ST-OC-DAR-XXXX-SCR-000001 | F58: 00 | G58: REH-MD01 - Wadi Yemm - Sea Town- Clarification regarding the Internal Waterproofing for Water Tanks | H58: XXXX | I58: 46090 | J58: 46106 | K58: Responded
D59: REH-MD01-MDU-ST-OC-DAR-1028-SCR-000002 | F59: 00 | G59: REH-MD01 - Wadi Yemm - Sea Town- Rienforcment clarification | H59: 1028 | I59: 46091 | J59: 46106 | K59: Responded
D60: REH-MD01-MDU-ST-OC-DAR-1026-SCR-000002 | F60: 00 | G60: REH-MD01 - Wadi Yemm - Sea Town- Conflict data at plot 1026 | H60: 1026 | I60: 46091 | J60: 46100 | K60: Responded
D61: REH-MD01-MDU-ST-OC-DAR-1036-SCR-000003 | F61: 00 | G61: REH-MD01 - Wadi Yemm - Sea Town- some missing data regarding the walls&There are missing columns, and some of them conflict with the architectural drawings. | H61: 1036 | I61: 46092 | J61: 46106 | K61: Responded
D62: REH-MD01-MDU-ST-OC-DAR-1044-SCR-000002 | F62: 00 | G62: REH-MD01 - Wadi Yemm - Sea Town- More Clarifications About Additional Reinforcement | H62: 1044 | I62: 46092 | J62: 46100 | K62: Responded
D63: REH-MD01-MDU-ST-OC-DAR-1025-SCR-000002 | F63: 00 | G63: REH-MD01 - Wadi Yemm - Sea Town- STAIR STARTER PLACES at plot 1025 | H63: 1025 | I63: 46093 | J63: 46099 | K63: Responded
D64: REH-MD01-MDU-ST-OC-DAR-1022-SCR-000002 | F64: 00 | G64: REH-MD01 - Wadi Yemm - Sea Town- Missing some RFT details for retaining walls at SP06 | H64: 1022 | I64: 46093 | J64: 46098 | K64: Responded
D65: REH-MD01-MDU-ST-OC-DAR-1025-SCR-000003 | F65: 00 | G65: REH-MD01 - Wadi Yemm - Sea Town- Slab-basment01 - beam @10.9 supporting conditions -part1c plot 1025 | H65: 1025 | I65: 46096 | J65: 46099 | K65: Responded
D66: REH-MD01-MDU-ST-OC-DAR-1028-SCR-000003 | F66: 00 | G66: REH-MD01 - Wadi Yemm - Sea Town- Stairs and shear wall at plot 1028 | H66: 1028 | I66: 46096 | J66: 46111 | K66: Responded
D67: REH-MD01-MDU-ST-OC-DAR-1029-SCR-000003 | F67: 00 | G67: REH-MD01 - Wadi Yemm - Sea Town- Super Plot 01 – Discrepancies between Site Excution and Design D4 | H67: 1029 | I67: 46096 | J67: 46098 | K67: Responded
D68: REH-MD01-MDU-ST-OC-DAR-1047-SCR-000004 | F68: 00 | G68: REH-MD01 - Wadi Yemm - Sea Town- Shafts, missing RFT & Beams in Plot 1047 | H68: 1047 | I68: 46096 | J68: 46107 | K68: Responded
D69: REH-MD01-MDU-ST-OC-DAR-1047-SCR-000005 | F69: 00 | G69: REH-MD01 - Wadi Yemm - Sea Town- Stairs Starter Relocation As Per SCR Reply in Plot 1047 | H69: 1047 | I69: 46096 | J69: 46099 | K69: Responded
D70: REH-MD01-MDU-ST-OC-DAR-1025-SCR-000004 | F70: 00 | G70: REH-MD01 - Wadi Yemm - Sea Town- updated columns double height levels- plot 1025 | H70: 1025 | I70: 46096 | J70: 46097 | K70: Responded
... D80: REH-MD01-MDU-ST-OC-DAR-1044-SCR-000003 | F80: 00 | G80: REH-MD01 - Wadi Yemm - Sea Town- Clarification on Wall W4 Modification | H80: 1044 | I80: 46099 | J80: 46111 | K80: Responded
D81: REH-MD01-MDU-ST-OC-DAR-XXXX-SCR-000002 | F81: 00 | G81: REH-MD01 - Wadi Yemm - Sea Town- Clarification on Waterproofing System Conflict | H81: XXXX | I81: 46099 | J81: 46113 | K81: Responded
D82: REH-MD01-MDU-ST-OC-DAR-1029-SCR-000005 | F82: 00 | G82: REH-MD01 - Wadi Yemm - Sea Town- Super Plot 01 – Retaining wall types and raft thickening face. | H82: 1029 | I82: 46099 | J82: 46106 | K82: Responded
D83: REH-MD01-MDU-ST-OC-DAR-1060-SCR-000001 | F83: 00 | G83: REH-MD01 - Wadi Yemm - Sea Town- The limits of plot 1060 excavation overlaps with construction road for area 2 & 3 | H83: 1060 | I83: 46105 | J83: 46106 | K83: Responded
D84: REH-MD01-MDU-ST-OC-DAR-1026-SCR-000004 | F84: 00 | G84: REH-MD01 - Wadi Yemm - Sea Town- Conflict column location at plot 1026 | H84: 1026 | I84: 46105 | J84: 46118 | K84: Responded
D85: REH-MD01-MDU-ST-OC-DAR-1025-SCR-000006 | F85: 00 | G85: REH-MD01 - Wadi Yemm - Sea Town- Staircase Proposal Including Beams, Openings, and Stair Riser Redistribution – Plot 1025 | H85: 1025 | I85: 46106 | J85: 46110 | K85: Responded
D86: REH-MD01-MDU-ST-OC-DAR-1036-SCR-000008 | F86: 00 | G86: REH-MD01 - Wadi Yemm - Sea Town- Clarify Openings | H86: 1036 | I86: 46106 | J86: 46106 | K86: Responded
D87: REH-MD01-MDU-ST-OC-DAR-1029-SCR-000006 | F87: 00 | G87: REH-MD01 - Wadi Yemm - Sea Town- Super Plot 01 – Retaining wall types and raft thickening face. | H87: 1029 | I87: 46107 | J87: 46113 | K87: Responded
D88: REH-MD01-MDU-ST-OC-DAR-1029-SCR-000007 | F88: 00 | G88: REH-MD01 - Wadi Yemm - Sea Town- Super Plot 01 – Discrepancies and Missing Data | H88: 1029 | I88: 46107 | J88: 46113 | K88: Responded
D89: REH-MD01-MDU-ST-OC-DAR-1026-SCR-000005 | F89: 00 | G89: REH-MD01 - Wadi Yemm - Sea Town- Stairs Flight width - Plot 1026. | H89: 1026 | I89: 46107 | J89: 46111 | K89: Responded
D90: REH-MD01-MDU-ST-OC-DAR-1026-SCR-000006 | F90: 00 | G90: REH-MD01 - Wadi Yemm - Sea Town - Missing data in basement slab at plot 1026 | H90: 1026 | I90: 46107 | J90: 46120 | K90: Responded
D91: REH-MD01-MDU-ST-OC-DAR-1021-SCR-000004 | F91: 00 | G91: REH-MD01 - Wadi Yemm - Sea Town - Missing wall type & required data in Plot 1021 | H91: 1021 | I91: 46107 | J91: 46113 | K91: Responded
D92: REH-MD01-MDU-ST-OC-DAR-XXXX-SCR-000003 | E92: OC-SCR-000013 | F92: 00 | G92: REH-MD01 - Wadi Yemm - Sea Town - Issues for Raft Foundation SP-06 (1045-1018) | H92: XXXX | I92: 46110 | J92: 46113 | K92: Responded
D93: REH-MD01-MDU-ST-OC-DAR-1047-SCR-000006 | F93: 00 | G93: REH-MD01 - Wadi Yemm - Sea Town - Conflict in Beam Depth between old and new Design in Plot 1047 | H93: 1047 | I93: 46111 | J93: 46111 | K93: Responded
D94: REH-MD01-MDU-ST-OC-DAR-1047-SCR-000007 | F94: 00 | G94: REH-MD01 - Wadi Yemm - Sea Town - Removed Column at Plot 1047 Ground Floor | H94: 1047 | I94: 46112 | J94: 46114 | K94: Responded
D95: REH-MD01-MDU-ST-OC-DAR-1029-SCR-000008 | F95: 00 | G95: REH-MD01 - Wadi Yemm - Sea Town- Super Plot 01 – Discrepancies and Missing Data | H95: 1029 | I95: 46112 | J95: 46119 | K95: Responded
D96: REH-MD01-MDU-ST-OC-DAR-1026-SCR-000007 | F96: 00 | G96: REH-MD01 - Wadi Yemm - Sea Town - Conflict data in Stairs at plot 1026 | H96: 1026 | I96: 46113 | J96: 46114 | K96: Responded
D97: REH-MD01-MDU-ST-OC-DAR-1026-SCR-000008 | F97: 00 | G97: REH-MD01 - Wadi Yemm - Sea Town - Missing TYPE Planted Columns at plot 1026 | H97: 1026 | I97: 46113 | J97: 46117 | K97: Responded
D98: REH-MD01-MDU-ST-OC-DAR-XXXX-SCR-00004 | F98: 00 | G98: REH-MD01 - Wadi Yemm - Sea Town - General Details | H98: XXXX | I98: 46113 | J98: 46133 | K98: Responded
D99: REH-MD01-MDU-ST-OC-DAR-1022-SCR-000004 | F99: 00 | G99: REH-MD01 - Wadi Yemm - Sea Town - Carifications at super plot 06 | H99: 1022 | I99: 46114 | J99: 46119 | K99: Responded
D100: REH-MD01-MDU-ST-OC-DAR-1036-SCR-000009 | F100: 00 | G100: REH-MD01 - Wadi Yemm - Sea Town - Missing Parts of the Basement 01 Floor Slab | H100: 1036 | I100: 46114 | J100: 46118 | K100: Responded
D101: REH-MD01-MDU-ST-OC-DAR-1029-SCR-000009 | F101: 00 | G101: REH-MD01 - Wadi Yemm - Sea Town- Super Plot 01 – Discrepancies and Missing Data | H101: 1029 | I101: 46116 | J101: 46119 | K101: Responded
D102: REH-MD01-RLA-ST-OC-DAR-1022-SCR-000005 | F102: 00 | G102: REH-MD01 - Wadi Yemm - Sea Town - Missing RWs type at super plot 06 | H102: 1022 | I102: 46117 | J102: 46128 | K102: Responded
D103: REH-MD01-MDU-ST-OC-DAR-1026-SCR-000009 | F103: 00 | G103: REH-MD01 - Wadi Yemm - Sea Town - Shifting Column at plot 1026 | H103: 1026 | I103: 46118 | J103: 46118 | K103: Responded
D104: REH-MD01-MDU-ST-OC-DAR-1024-SCR-000002 | F104: 00 | G104: REH-MD01 - Wadi Yemm - Sea Town - Stair starters, shafts contradictions & toilet finishes - Plot 1024 - part 02 | H104: 1024 | I104: 46118 | J104: 46123 | K104: Responded
D105: REH-MD01-MDU-ST-OC-DAR-1036-SCR-000010 | F105: 00 | G105: REH-MD01 - Wadi Yemm - Sea Town - Resizing of Sump Pit 04- Part 03 | H105: 1036 | I105: 46118 | J105: 46119 | K105: Responded
D106: REH-MD01-MDU-ST-OC-DAR-1036-SCR-000011 | F106: 00 | G106: REH-MD01 - Wadi Yemm - Sea Town - Updated Column Layout Drawing of Plot 1036 | H106: 1036 | I106: 46118 | J106: 46119 | K106: Responded
D107: REH-MD01-MDU-ST-OC-DAR-1026-SCR-000010 | F107: 00 | G107: REH-MD01 - Wadi Yemm - Sea Town - Conflict Column at plot 1026 | H107: 1026 | I107: 46118 | J107: 46123 | K107: Responded
D108: REH-MD01-RLA-ST-OC-DAR-1022-SCR-000006 | F108: 00 | G108: REH-MD01 - Wadi Yemm - Sea Town - Carifications at super plot 06 | H108: 1022 | I108: 46119 | J108: 46126 | K108: Responded
D109: REH-MD01-MDU-ST-OC-DAR-1024-SCR-000003 | F109: 00 | G109: REH-MD01 - Wadi Yemm - Sea Town - Stair starters, shafts & Axis contradictions- Plot 1024 - part 06 | H109: 1024 | I109: 46119 | J109: 46123 | K109: Responded
D110: REH-MD01-MDU-ST-OC-DAR-1024-SCR-000004 | F110: 00 | G110: REH-MD01 - Wadi Yemm - Sea Town - Casted columns issue -Zone 10 - 1024 | H110: 1024 | I110: 46120 | J110: 46123 | K110: Responded
... D131: REH-MD01-MDU-ST-OC-DAR-1036-SCR-000016 | F131: 00 | G131: REH-MDU- Wadi Yemm - Sea Town - Columns shape code | H131: 1036 | I131: 46131 | J131: 46131 | K131: Responded
D132: REH-MD01-RLA-ST-OC-DAR-1022-SCR-000008 | E132: OC-SCR-000016 | F132: 00 | G132: REH-RLA- Wadi Yemm - Sea Town - discrepancies between AXIS in the IFC and sketch 2 in scr 01 | H132: 1022 | I132: 46131 | J132: 46132 | K132: Responded
D133: REH-MD01-MDU-ST-OC-DAR-1036-SCR-000017 | F133: 00 | G133: REH-MDU- Wadi Yemm - Sea Town - Shear walls RFT Details | H133: 1036 | I133: 46132 | J133: 46133 | K133: Responded
D134: REH-MD01-MDU-ST-OC-DAR-1036-SCR-000018 | F134: 00 | G134: REH-MDU- Wadi Yemm - Sea Town - level discrepancy between Beams & Slab | H134: 1036 | I134: 46132 | J134: 46133 | K134: Responded
...

Sheet AR
G2: Site Clarification Request ( Architectural )
D4: Ref. | E4: Mail No | F4: Rev. | G4: Subject | H4: Sub-Building | I4: Issue Date | J4: Received Date | K4: Action
D5: REH-MD01-MDU-AR-OC-Hil-1036-SCR-000001 | E5: REH-MD01-AR-OC-Hil-1036-SCR-01 | F5: 00 | G5: REH-MDU- Wadi Yemm - Provide us the final IFC architectural drawings for the ground floor of Plot-1036 | H5: 1036 | I5: 46152 | J5: 46154 | K5: Responded
D6: REH-MD01-MDU-AR-OC-Hil-1036-SCR-000002 | E6: OC-SCR-000034 | F6: 00 | G6: REH-MDU- Wadi Yemm - Plot-1036 Doors schedule | H6: 1036 | I6: 46155 | J6: 46174 | K6: Responded
D7: REH-MD01-MDU-AR-OC-Hil-1036-SCR-000003 | E7: OC-SCR-000051 | F7: 00 | G7: REH-MDU- Wadi Yemm - Plot-1036 Ramps' slopes | H7: 1036 | I7: 46159 | J7: 46174 | K7: Responded
D8: REH-MD01-MDU-AR-OC-Hil-1034-SCR-000001 | E8: OC-SCR-000097 | F8: 00 | G8: REH-MDU- Wadi Yemm - PLOT-1034 Missing Columns | H8: 1034 | I8: 46166 | J8: 46174 | K8: Responded
D9: REH-MD01-MDU-AR-OC-Hil-1030-SCR-000001 | E9: OC-SCR-000119 | F9: 00 | G9: REH-MDU- Wadi Yemm - PLOT-1030 Pavement & Stairs finishes | H9: 1030 | I9: 46175 | J9: 46183 | K9: Responded
D10: REH-MD01-MDU-AR-OC-Hil-1029-SCR-000001 | E10: OC-SCR-000216 | F10: 00 | G10: REH-MDU- Wadi Yemm - PLOT-1034 Missing plan | H10: 1029 | I10: 46187 | J10: 46190 | K10: Responded
D11: REH-MD01-MDU-AR-OC-Hil-1036-SCR-000004 | E11: OC-SCR-000312 | F11: 00 | G11: REH-MDU- Wadi Yemm - Plot-1036 Slab openings conflict | H11: 1036 | I11: 46198 | J11: 46204 | K11: Responded
D12: REH-MD01-MDU-AR-OC-Hil-1036-SCR-000005 | E12: OC-SCR-000317 | F12: 00 | G12: REH-MDU- Wadi Yemm - Plot-1036 Stairs AR-ST Conflict | H12: 1036 | I12: 46198 | J12: 46204 | K12: Responded
D13: REH-MD01-MDU-AR-OC-Hil-1025-SCR-000001 | E13: OC-SCR-000318 | F13: 00 | G13: REH-MDU- Wadi Yemm - Conflict Door Opening Dimensions and Door Schedule Conflicts for Plot 1025 | H13: 1025 | I13: 46198 | J13: 46204 | K13: Responded
D14: REH-MD01-MDU-AR-OC-Hil-1031-SCR-000001 | E14: OC-SCR-000345 | F14: 00 | G14: REH-MDU- Wadi Yemm - SPLOT 02-1032-B1- Pavement & Stairs finishes | H14: 1031 | I14: 46203 | J14: 46218 | K14: Responded
D15: REH-MD01-MDU-AR-OC-Hil-1024-SCR-000001 | E15: OC-SCR-000362 | F15: 00 | G15: REH-MDU- Wadi Yemm - Clarification on Stairs Sections details -1024 Stair 5 | H15: 1024 | I15: 46204 | J15: 46210 | K15: Responded
D16: REH-MD01-MDU-AR-OC-Hil-1031-SCR-000002 | E16: OC-SCR-000364 | F16: 00 | G16: REH-MDU- Wadi Yemm - Request for Missing Architectural and Landscape Drawings– Super Plot 2 | H16: 1031 | I16: 46204 | J16: 46208 | K16: Responded
... D41: REH-MD01-MDU-AR-OC-Hil-1027-SCR-000004 | E41: OC-SCR-001091 | F41: 00 | G41: REH-MDU- Wadi Yemm - Fortaleza (Plot 1027) –Acoustic and Fire Rating Clarification | H41: 1027 | I41: 46273 | J41: 46280 | K41: Responded
D42: REH-MD01-MDU-AR-OC-Hil-1022-SCR-000003 | E42: OC-SCR-001124 | F42: 00 | G42: REH-MDU- Wadi Yemm - SP06 – Q3 1046 – Planters sizes and locations around the family pool | H42: 1022 | I42: 46275 | K42: Pending
D43: REH-MD01-MDU-AR-OC-Hil-1031-SCR-000004 | E43: OC-SCR-001135 | F43: 00 | G43: REH-MDU- Wadi Yemm - Architectural Files Discrepancies -1031 lower ground plan- SP02 | H43: 1031 | I43: 46278 | K43: Pending
D44: REH-MD01-MDU-AR-OC-Hil-1022-SCR-000004 | E44: OC-SCR-001185 | F44: 00 | G44: REH-MDU- Wadi Yemm - SP06 - PLOT 1045&1046 - PLANTER WALLS CLARIFICATIONS | H44: 1022 | I44: 46281 | J44: 46301 | K44: Responded
D45: REH-MD01-MDU-AR-OC-Hil-XXXX-SCR-000002 | E45: OC-SCR-001191 | F45: 00 | G45: REH-MDU- Wadi Yemm - Cement hollow blocks in basement floors | H45: XXXX | I45: 46281 | K45: Pending
D46: REH-MD01-MDU-ID-OC-Hil-XXXX-SCR-000001 | E46: OC-SCR-001206 | F46: 00 | G46: REH-MDU- Wadi Yemm - DISCREPANCIES BETWEEN ID PLAN AND ID FINISH SCHEDULE AT RESIDENTIAL PLOTS TYPE (Q2) | H46: XXXX | I46: 46282 | J46: 46296 | K46: Responded
D47: REH-MD01-MDU-AR-OC-Hil-1022-SCR-000005 | E47: OC-SCR-001228 | F47: 00 | G47: REH-MDU- Wadi Yemm - SP06 - PLOT 1045 - Part 16 Planter walls clarifications | H47: 1022 | I47: 46284 | J47: 46292 | K47: Responded
D48: REH-MD01-MDU-AR-OC-Hil-1022-SCR-000006 | E48: OC-SCR-001249 | F48: 00 | G48: REH-MDU- Wadi Yemm - SP06 - Plot 1018 - Stairs Clarifications | H48: 1022 | I48: 46285 | J48: 46302 | K48: Responded
D49: REH-MD01-MDU-AR-OC-Hil-1031-SCR-000005 | E49: OC-SCR-001256 | F49: 00 | G49: REH-MDU- Wadi Yemm - Clarification Required for Stair No. 6 door opening -1032 - SP02 | H49: 1031 | I49: 46285 | K49: Pending
D50: REH-MD01-MDU-AR-OC-Hil-1022-SCR-000007 | E50: OC-SCR-001267 | F50: 00 | G50: REH-MDU- Wadi Yemm - Clarifications at SP6-plot 1018 | H50: 1022 | I50: 46286 | J50: 46302 | K50: Responded
D51: REH-MD01-MDU-AR-OC-Hil-1025-SCR-000007 | E51: OC-SCR-001293 | F51: 00 | G51: REH-MDU- Wadi Yemm - Fourth Floor Structural & Architectural Coordination Clarifications | H51: 1025 | I51: 46287 | J51: 46293 | K51: Responded
D52: REH-MD01-MDU-ID-OC-Hil-XXXX-SCR-000002 | E52: OC-SCR-001297 | F52: 0 | G52: REH-MDU- Wadi Yemm - DISCREPANCIES BETWEEN ID PLAN AND ID FINISH SCHEDULE AT RESIDENTIAL PLOTS TYPE (Q3) | H52: XXXX | I52: 46288 | J52: 46294 | K52: Responded
D53: REH-MD01-MDU-ID-OC-Hil-XXXX-SCR-000003 | E53: OC-SCR-001296 | F53: 0 | G53: REH-MDU- Wadi Yemm - DISCREPANCIES BETWEEN ID PLAN AND ID FINISH SCHEDULE AT RESIDENTIAL PLOTS TYPE (Q4) | H53: XXXX | I53: 46288 | J53: 46294 | K53: Responded
D54: REH-MD01-MDU-AR-OC-Hil-1024-SCR-000006 | E54: OC-SCR-001340 | F54: 0 | G54: REH-MDU- Wadi Yemm - Clarification on internal stairs Naming - Plot 1024 | H54: 1024 | I54: 46292 | K54: Pending
D55: REH-MD01-MDU-AR-OC-Hil-1024-SCR-000007 | E55: OC-SCR-001360 | F55: 0 | G55: REH-MDU- Wadi Yemm - Clarification on Stair 07 missing data -plot 1024 | H55: 1024 | I55: 46295 | J55: 46302 | K55: Responded
D56: REH-MD01-MDU-AR-OC-Hil-XXXX-SCR-000003 | E56: OC-SCR-001370 | F56: 0 | G56: REH-MDU- Wadi Yemm - Block work details (100 mm, 150 mm & 400 mm) | H56: XXXX | I56: 46296 | J56: 46296 | K56: Responded
D57: REH-MD01-MDU-AR-OC-Hil-XXXX-SCR-000004 | E57: OC-SCR-001374 | F57: 0 | G57: REH-MD01-MDU-AR-OC-Hil-XXXX-SCR-000004 - Clarification of Door Structural Opening Dimensions | H57: XXXX | I57: 46296 | J57: 46300 | K57: Responded
D58: REH-MD01-MDU-AR-OC-Hil-1022-SCR-000008 | E58: OC-SCR-001423 | F58: 0 | G58: REH-MD01-MDU-AR-OC-Hil-1022-SCR-000008- Discrepancies Between Arch. IFC and the Wall Types, Acoustic & Life Safety Requirements – First Floor | H58: 1022 | I58: 46300 | K58: Pending
D59: REH-MD01-MDU-AR-OC-Hil-1047-SCR-000001 | E59: OC-SCR-001417 | F59: 0 | G59: REH-MD01-MDU-AR-OC-Hil-1047-SCR-000001 - Missing Door - Basement 01 & Wall Extension Typical Floors | H59: 1047 | I59: 46300 | J59: 46300 | K59: Responded
D60: REH-MD01-MDU-AR-OC-Hil-XXXX-SCR-000005 | E60: OC-SCR-001438 | F60: 0 | G60: REH-MD01-MDU-AR-OC-Hil-XXXX-SCR-000005 - Plaster Thickness | H60: XXXX | I60: 46301 | J60: 46302 | K60: Responded
D61: REH-MD01-MDU-AR-OC-Hil-XXXX-SCR-000006 | E61: OC-SCR-001490 | F61: 0 | G61: REH-MD01-MDU-AR-OC-Hil-XXXX-SCR-000006-00 - Following ECG specs & typical details | H61: XXXX | I61: 46306 | K61: Pending
D62: REH-MD01-MDU-AR-OC-Hil-XXXX-SCR-000007 | E62: OC-SCR-001491 | F62: 0 | G62: REH-MD01-MDU-AR-OC-Hil-XXXX-SCR-000007-00 - RC stiffening for blockwork | H62: XXXX | I62: 46306 | K62: Pending
D63: REH-MD01-MDU-AR-OC-Hil-XXXX-SCR-000008 | E63: OC-SCR-001492 | F63: 0 | G63: REH-MD01-MDU-AR-OC-Hil-XXXX-SCR-000008-00 - DPC CAVITY TRAY AND WEEPHOLES CANCELLATION | H63: XXXX | I63: 46306 | K63: Pending
D64: EH-MD01-MDU-AR-OC-Hil-1060-SCR-000001 | E64: OC-SCR-001497 | F64: 0 | G64: REH-MD01-MDU-AR-OC-Hil-1060-SCR-000001 - Coordination Issues Related to Sump Pit Access Requirements | H64: 1060 | I64: 46306 | K64: Pending
D65: REH-MD01-MDU-AR-OC-Hil-1021-SCR-000005 | E65: OC-SCR-001512 | F65: 0 | G65: REH-MD01-MDU-AR-OC-Hil-1021-SCR-000005 - Design Discrepancy Between Architectural and Structural IFC – Waste Lift Core Wall (Basement 02) | H65: 1021 | I65: 46306 | K65: Pending
D66: REH-MD01-MDU-AR-OC-Hil-1021-SCR-000004 | E66: OC-SCR-001511 | F66: 0 | G66: REH-MD01-MDU-AR-OC-Hil-1021-SCR-000004 - Design Discrepancies and Missing Information regarding FLS & Acoustic documents | H66: 1021 | I66: 46306 | K66: Pending
F67: 0
F68: 0
F69: 0
F70: 0

Sheet EL
G2: Site Clarification Request ( Electrical )
D4: Ref. | E4: Mail No | F4: Rev. | G4: Subject | H4: Sub-Building | I4: Issue Date | J4: Received Date | K4: Action
D5: P0155-RA04-SCR-EL-OC-DAR-000001 | E5: Darr-GNC-000383 | F5: 0 | G5: P0155 - K00146 – REH Wadi Yemm - Sea Town Center - Missing Data for Earthing System at plot 1025 | H5: RA04 | I5: 46016 | J5: 46198 | K5: Responded
D6: P0155-RA06-SCR-EL-OC-DAR-000001 | E6: Darr-GNC-000384 | F6: 0 | G6: P0155 - K00146 – REH Wadi Yemm - Sea Town Center - Missing Data for Earthing System at plot 1024 | H6: RA06 | I6: 46016 | J6: 46099 | K6: Responded
D7: P0155-RA06-SCR-MV-OC-DAR-000001 | E7: Darr-GNC-000393 | F7: 0 | G7: P0155 - K00146 – REH Wadi Yemm - Sea Town Center - MV Routing at plot 1024 | H7: RA06 | I7: 46026 | K7: Pending
D8: P0155-RA06-SCR-EL-OC-DAR-000002 | E8: Darr-GNC-000384 | F8: 0 | G8: P0155 - K00146 – REH Wadi Yemm - Sea Town Center - Missing Data for Earthing System at plot 1024 | H8: RA06 | I8: 46056 | J8: 46068 | K8: Responded
D9: P0155-RA00-SCR-EL-OC-DAR-000001 | E9: Darr-GNC-000364 | F9: 0 | G9: P0155 - K00146 – REH Wadi Yemm - Sea Town Center - Embedded MEP works at Wadi Yemm | H9: RA00 | I9: 46067 | J9: 46085 | K9: Responded
D10: P0155-RA00-SCR-EL-OC-DAR-000002 | F10: 0 | G10: P0155 - K00146 – REH Wadi Yemm - Sea Town Center - Lightning down conductor general details at Wadi Yemm | H10: RA00 | I10: 46070 | J10: 46085 | K10: Responded
D11: REH-MD01-MDU-EL-OC-DAR-XXXX-SCR-000001 | F11: 1 | G11: REH-MD01-MDU -Wadi Yemm - Sea Town Center - Lightning down conductor general details at Wadi Yemm | H11: RA00 | I11: 46082 | J11: 46087 | K11: Responded
D12: REH-MD01-MDU-EL-OC-DAR-1024-SCR-000001 | F12: 0 | G12: REH-MD01-MDU -Wadi Yemm - Sea Town Center - Request for Cable Cellar Details at RA06 - Plot 1024 | H12: 1024 | I12: 46128 | J12: 46141 | K12: Responded
D13: REH-MD01-MDU-EL-OC-DAR-1024-SCR-000002 | F13: 0 | G13: REH-MD01-MDU -Wadi Yemm - Sea Town Center - Conflict in Power Shaft Location & Request for Cable Data for Slab Openings at RA06 - Plot 1024 | H13: 1024 | I13: 46128 | J13: 46142 | K13: Responded
D14: REH-MD01-MDU-EL-OC-DAR-1026-SCR-000001 | F14: 0 | G14: REH-MD01-MDU -Wadi Yemm - Sea Town Center - Telecome Shaft opening of Basement slap at RA05 - Plot 1026 | H14: 1026 | I14: 46130 | J14: 46133 | K14: Responded
D15: REH-MD01-MDU-EL-OC-DAR-1024-SCR-000003 | F15: 0 | G15: REH-MD01-MDU -Wadi Yemm - Sea Town Center - Clarification of Electrical Riser Size (LV & ELV) - RA06-1024 | H15: 1024 | I15: 46134 | J15: 46142 | K15: Responded
D16: REH-MD01-MDU-EL-OC-DAR-1025-SCR-000001 | F16: 0 | G16: REH-MD01-MDU -Wadi Yemm - Sea Town Center - Clarification of Electrical Riser Size (LV & ELV) - RA04-1025 | H16: 1025 | I16: 46134 | J16: 46142 | K16: Responded
D17: REH-MD01-MDU-EL-OC-DAR-1024-SCR-000004 | E17: REH-MD01-EL-OC-DAR-1024-SCR-04 | F17: 0 | G17: REH-MD01-MDU -Wadi Yemm - Sea Town Center - Clarify the Routing For Low Voltage cables between grid 519, 523 at basement- RA06 - Plot 1024 | H17: 1024 | I17: 46140 | J17: 46142 | K17: Responded
D18: REH-MD01-MDU-EL-OC-DAR-1024-SCR-000005 | E18: REH-MD01-EL-OC-DAR-1024-SCR-05 | F18: 0 | G18: REH-MD01-MDU -Wadi Yemm - Sea Town Center - Shaft Opening for Low Current Cables at Entrance Facility room at basement- RA06 - Plot 1024 | H18: 1024 | I18: 46140 | J18: 46145 | K18: Responded
D19: REH-MD01-MDU-EL-OC-Hil-1024-SCR-000001 | F19: 0 | G19: REH-MD01-MDU -Wadi Yemm - Sea Town Center - Clarification of Shaft for Retails in RA06 | H19: 1024 | I19: 46148 | J19: 46161 | K19: Responded
D20: REH-MD01-MDU-EL-OC-Hil-1024-SCR-000002 | E20: REH-MD01-EL-OC-Hil-1024-SCR-02 | F20: 0 | G20: REH-MD01-MDU -Wadi Yemm - Sea Town Center - Clash between Electrical Trench and Mechanical Shaft in RMU Room Plot 1024 | H20: 1024 | I20: 46148 | J20: 46159 | K20: Responded
D21: REH-MD01-MDU-EL-OC-Hil-1028-SCR-000001 | E21: REH-MD01-EL-OC-Hil-1028-SCR-01 | F21: 0 | G21: REH-MD01-MDU -Wadi Yemm - Sea Town Center - LV SLD vs Cable Routing Drawings Conflict at (RA02 - Plot 1028). | H21: 1028 | I21: 46148 | J21: 46154 | K21: Responded
D22: REH-MD01-MDU-EL-OC-Hil-1028-SCR-000002 | E22: REH-MD01-EL-OC-Hil-1028-SCR-02 | F22: 0 | G22: REH-MD01-MDU -Wadi Yemm - Sea Town Center - Conflict between the Electrical down conductor Ground Floor - Plot 1028 | H22: 1028 | I22: 46148 | J22: 46155 | K22: Responded
D23: REH-MD01-MDU-EL-OC-Hil-1036-SCR-000001 | E23: REH-MD01-EL-OC-Hil-1036-SCR-01 | F23: 0 | G23: REH-MD01-MDU -Wadi Yemm - Sea Town Center - LV SLD vs Cable Routing Drawings Conflict at (RA01 - Plot 1036). | H23: 1036 | I23: 46152 | J23: 46153 | K23: Responded
D24: REH-MD01-MDU-EL-OC-Hil-1030-SCR-000001 | E24: REH-MD01-EL-OC-Hil-1030-SCR-01 | F24: 0 | G24: REH-MD01-MDU -Wadi Yemm - Sea Town Center - RMU Room Location at (RA07 - Plot 1030). | H24: 1030 | I24: 46152 | J24: 46156 | K24: Responded
D25: REH-MD01-MDU-EL-OC-Hil-1036-SCR-000002 | E25: REH-MD01-EL-OC-Hil-1036-SCR-02 | F25: 0 | G25: REH-MD01-MDU -Wadi Yemm - Sea Town Center -Location of panel boards at business lounge and kids room at Building (RA01 - Plot 1036). | H25: 1036 | I25: 46153 | J25: 46155 | K25: Responded
D26: REH-MD01-MDU-EL-OC-Hil-XXXX-SCR-000001 | E26: REH-MD01-EL-OC-Hil-XXXX-SCR-01 | F26: 0 | G26: REH-MD01-MDU -Wadi Yemm - Lighting Control System Conflict (Shaker) | H26: XXXX | I26: 46154 | J26: 46156 | K26: Responded
D27: REH-MD01-MDU-EL-OC-Hil-XXXX-SCR-000002 | E27: REH-MD01-EL-OC-Hil-XXXX-SCR-02 | F27: 0 | G27: REH-MD01-MDU -Wadi Yemm - Clarification for Electrical Legend and Lighting Control System (ECG) | H27: XXXX | I27: 46154 | J27: 46174 | K27: Responded
D28: REH-MD01-MDU-EL-OC-Hil-1047-SCR-000001 | E28: OC-SCR-000058 | F28: 0 | G28: REH-MD01-MDU -Wadi Yemm - Conflict between SLD and plans and missing feeding power for retail (RA03 - Plot 1047). | H28: 1047 | I28: 46161 | J28: 46176 | K28: Responded
D29: REH-MD01-MDU-EL-OC-Hil-1025-SCR-000001 | E29: OC-SCR-000068 | F29: 0 | G29: REH-MD01-MDU -Wadi Yemm - VIA Occupancy Sensor Connection Clarification- Plot 1025- Ground Floor | H29: 1025 | I29: 46162 | J29: 46175 | K29: Responded
D30: REH-MD01-MDU-EL-OC-Hil-1025-SCR-000002 | E30: OC-SCR-000069 | F30: 0 | G30: REH-MD01-MDU -Wadi Yemm - Wall Mounted Lighting Fixture Host Issue - Plot 1025 -Ground Floor. | H30: 1025 | I30: 46162 | J30: 46176 | K30: Responded
D31: REH-MD01-MDU-EL-OC-Hil-1025-SCR-000003 | E31: OC-SCR-000070 | F31: 0 | G31: REH-MD01-MDU - Wadi Yemm - Ceiling Speaker Wiring and Riser Diagram Clarification- Plot 1025-Ground Floor | H31: 1025 | I31: 46162 | J31: 46181 | K31: Responded
... D36: REH-MD01-MDU-EL-OC-Hil-1025-SCR-000004 | E36: OC-SCR-000116 | F36: 0 | G36: REH-MD01-MDU -Wadi Yemm - Data outlets on Concrete column - Ground Floor | H36: 1025 | I36: 46175 | J36: 46180 | K36: Responded
D37: REH-MD01-MDU-EL-OC-Hil-1047-SCR-000002 | F37: 0 | G37: REH-MD01-MDU -Wadi Yemm - RMU Room Location of RA03 - Plot 1047 at Basement Level | H37: 1047 | I37: 46182 | J37: 46183 | K37: Responded
D38: REH-MD01-MDU-EL-OC-Hil-XXXX-SCR-000006 | E38: OC-SCR-000184 | F38: 0 | G38: REH-MD01-MDU -Wadi Yemm - Clarification Regarding CS (Conventional Smoke Detector) scope | H38: XXXX | I38: 46183 | J38: 46196 | K38: Responded
D39: REH-MD01-MDU-EL-OC-Hil-XXXX-SCR-000007 | E39: OC-SCR-000207 | F39: 0 | G39: REH-MD01-MDU -Wadi Yemm - Required for Fire Alarm Detection Concept at Apartments | H39: XXXX | I39: 46186 | J39: 46189 | K39: Responded
D40: REH-MD01-MDU-EL-OC-Hil-1032-SCR-000001 | E40: OC-SCR-000212 | F40: 0 | G40: REH-MD01-MDU -Wadi Yemm - RMU Room Location of SP02 - Plot 1032 - Conflict between the columns and trench. | H40: 1032 | I40: 46187 | J40: 46191 | K40: Responded
D41: REH-MD01-MDU-EL-OC-Hil-XXXX-SCR-000008 | E41: OC-SCR-000220 | F41: 0 | G41: REH-MD01-MDU -Wadi Yemm - Discrepancies in Earthing Cable Sizes between Layout and Riser Drawings (Shaker Package) | H41: XXXX | I41: 46188 | J41: 46190 | K41: Responded
D42: REH-MD01-MDU-EL-OC-Hil-XXXX-SCR-000009 | E42: OC-SCR-000225 | F42: 0 | G42: REH-MD01-MDU -Wadi Yemm -Power System Clashes Between Electrical and Interior Design (ELEC & ID) – 100% (DD) Shaker Package – Apartment Layouts – (Q2). | H42: XXXX | I42: 46188 | J42: 46196 | K42: Responded
D43: REH-MD01-MDU-EL-OC-Hil-XXXX-SCR-000010 | E43: OC-SCR-000226 | F43: 0 | G43: REH-MD01-MDU -Wadi Yemm -Power System Clashes Between Electrical and Interior Design (ELEC & ID) – 100% (DD) Shaker Package – Apartment Layouts – (Q3). | H43: XXXX | I43: 46188 | J43: 46199 | K43: Responded
D44: REH-MD01-MDU-EL-OC-Hil-XXXX-SCR-000011 | E44: OC-SCR-000227 | F44: 0 | G44: REH-MD01-MDU -Wadi Yemm -Power System Clashes Between Electrical and Interior Design (ELEC & ID) – 100% (DD) Shaker Package – Apartment Layouts – (Q4). | H44: XXXX | I44: 46188 | J44: 46199 | K44: Responded
D45: REH-MD01-MDU-EL-OC-Hil-XXXX-SCR-000012 | E45: OC-SCR-000232 | F45: 0 | G45: REH-MD01-MDU -Wadi Yemm -Discrepancy Lighting control scenario at Drawings (Shaker Package) | H45: XXXX | I45: 46188 | J45: 46196 | K45: Responded
D46: REH-MD01-MDU-EL-OC-Hil-XXXX-SCR-000013 | E46: OC-SCR-000233 | F46: 0 | G46: REH-MD01-MDU -Wadi Yemm -Conflict in conventional switch locations & types between Shaker 100% DD & Shaker 100% ID (Shaker Package) | H46: XXXX | I46: 46188 | J46: 46196 | K46: Responded
D47: REH-MD01-MDU-EL-OC-Hil-1024-SCR-000003 | E47: OC-SCR-000240 | F47: 0 | G47: REH-MD01-MDU -Wadi Yemm - Conflict Between Retail Disconnect Switch Location and Architectural Layout Ground Floor ( RA06-1024) | H47: 1024 | I47: 46188 | J47: 46190 | K47: Responded
D48: REH-MD01-MDU-EL-OC-Hil-XXXX-SCR-000014 | E48: OC-SCR-000250 | F48: 0 | G48: REH-MD01-MDU -Wadi Yemm -Discrepancy between Design Concept and Drawings (Shaker Package) | H48: XXXX | I48: 46189 | J48: 46195 | K48: Responded
D49: REH-MD01-MDU-EL-OC-Hil-1025-SCR-000005 | E49: OC-SCR-000259 | F49: 0 | G49: REH-MD01-MDU -Wadi Yemm -Landscape Lighting Clarification – RA04, Plot 1025 | H49: 1025 | I49: 46190 | J49: 46197 | K49: Responded
... D69: REH-MD01-MDU-EL-OC-Hil-1028-SCR-000006 | E69: OC-SCR-000367 | F69: 0 | G69: REH-MD01-MDU -Wadi Yemm - Exit Sign Clarification – Ground Floor of RA02 – Plot 1028 | H69: 1028 | I69: 46204 | J69: 46211 | K69: Responded
D70: REH-MD01-MDU-EL-OC-Hil-1060-SCR-000001 | E70: OC-SCR-000357 | F70: 00 | G70: REH-MD01-MDU - Wadi Yemm - Conflict between Slab Openings in (100% DD ARCHITECTURAL & 100% DD ELECTRICAL & IFC STRUCTURAL ) PACKAGES SP2 - PLOT (1060) | H70: 1060 | I70: 46203 | J70: 46206 | K70: Responded
D71: REH-MD01-MDU-EL-OC-Hil-1044-SCR-000001 | E71: OC-SCR-000376 | F71: 00 | G71: REH-MD01-MDU - Wadi Yemm - ONU Dedicated Power Supply Arrangement –SP03 – Plot 1044 | H71: 1044 | I71: 46208 | J71: 46209 | K71: Responded
D72: REH-MD01-MDU-EL-OC-Hil-1028-SCR-000007 | E72: OC-SCR-000392 | F72: 00 | G72: REH-MD01-MDU - Wadi Yemm - IEB Location Clarification – Ground Floor of RA02 – Plot 1028 | H72: 1028 | I72: 46209 | J72: 46211 | K72: Responded
D73: REH-MD01-MDU-EL-OC-Hil-1024-SCR-000008 | E73: OC-SCR-000399 | F73: 00 | G73: REH-MD01-MDU - Wadi Yemm - SCR – Clarification Regarding FTR Room Lighting Arrangement in the Ground Floor | H73: 1024 | I73: 46209 | J73: 46211 | K73: Responded
D74: REH-MD01-MDU-EL-OC-Hil-1024-SCR-000009 | E74: OC-SCR-000400 | F74: 00 | G74: REH-MD01-MDU - Wadi Yemm - SCR – Clarification Regarding CCTV/Telephone Points in the Ground Floor Elevator plot 1024 | H74: 1024 | I74: 46209 | J74: 46211 | K74: Responded
D75: REH-MD01-MDU-EL-OC-Hil-1024-SCR-000010 | E75: OC-SCR-000401 | F75: 00 | G75: REH-MD01-MDU - Wadi Yemm - SCR – Clarification Regarding Façade Lighting Fixtures Coordination at Ground Floor – Plot 1024 | H75: 1024 | I75: 46210 | J75: 46221 | K75: Responded
D76: REH-MD01-MDU-EL-OC-Hil-1024-SCR-000011 | E76: OC-SCR-000414 | F76: 00 | G76: REH-MD01-MDU - Wadi Yemm - SCR – Clarification Regarding FCU Power Outlets & Power Circuits in the Ground Floor Elevator-Plot 1024. | H76: 1024 | I76: 46211 | J76: 46221 | K76: Responded
D77: REH-MD01-MDU-EL-OC-Hil-1024-SCR-000012 | E77: OC-SCR-000415 | F77: 00 | G77: REH-MD01-MDU - Wadi Yemm - SCR – Clarification Regarding Fire Alarm Device Arrangement in Electrical Utility Rooms | H77: 1024 | I77: 46211 | J77: 46216 | K77: Responded
D78: REH-MD01-MDU-EL-OC-Hil-1024-SCR-000013 | E78: OC-SCR-000418 | F78: 00 | G78: REH-MD01-MDU - Wadi Yemm - SCR – Clarification Regarding Lighting Circuit Distribution at Ground Floor – Plot 1024 | H78: 1024 | I78: 46211 | J78: 46221 | K78: Responded
D79: REH-MD01-MDU-EL-OC-Hil-1028-SCR-000008 | E79: OC-SCR-000420 | F79: 00 | G79: REH-MD01-MDU - Wadi Yemm - Lighting fixture without ceiling support – Ground Floor of RA02 – Plot 1028 | H79: 1028 | I79: 46212 | J79: 46221 | K79: Responded
D80: REH-MD01-MDU-EL-OC-Hil-1028-SCR-000009 | E80: OC-SCR-000422 | F80: 00 | G80: REH-MD01-MDU - Wadi Yemm - A/C Disconnect Switch (DCS) Location | H80: 1028 | I80: 46212 | J80: 46221 | K80: Responded
D81: REH-MD01-MDU-EL-OC-Hil-XXXX-SCR-000016 | E81: OC-SCR-000423 | F81: 0 | G81: REH-MD01-MDU -Wadi Yemm - Clarification Required for Gas Shut-Off, CCU Switch Connection | H81: XXXX | I81: 46212 | J81: 46221 | K81: Responded
D82: REH-MD01-MDU-EL-OC-Hil-1025-SCR-000006 | E82: OC-SCR-000429 | F82: 0 | G82: REH-MD01-MDU -Wadi Yemm - MISSING LCP PANELS AT GROUND FLOOR – RA04, Plot 1025. | H82: 1025 | I82: 46214 | J82: 46221 | K82: Responded
D83: REH-MD01-MDU-EL-OC-Hil-1024-SCR-000014 | E83: OC-SCR-000431 | F83: 0 | G83: REH-MD01-MDU -Wadi Yemm - SCR – Clarification Regarding All Power Outlets Distribution Across Floors plot 1024 | H83: 1024 | I83: 46215 | J83: 46221 | K83: Responded
D84: REH-MD01-MDU-EL-OC-Hil-1028-SCR-000010 | E84: OC-SCR-000435 | F84: 0 | G84: REH-MD01-MDU -Wadi Yemm - Lighting Fixture Switching And Panel Issue At Plot 1028 | H84: 1028 | I84: 46215 | J84: 46221 | K84: Responded
D85: REH-MD01-MDU-EL-OC-Hil-1047-SCR-000014 | E85: OC-SCR-000439 | F85: 0 | G85: REH-MD01-MDU -Wadi Yemm - Security System Camera Location Clarification – Ground Floor of RA03 – Plot 1047 | H85: 1047 | I85: 46215 | J85: 46219 | K85: Responded
D86: REH-MD01-MDU-EL-OC-Hil-1022-SCR-000001 | E86: OC-SCR-000447 | F86: 0 | G86: REH-MD01-MDU -Wadi Yemm - Clarification for Down Conductor Routing - Sp06 | H86: 1022 | I86: 46216 | J86: 46221 | K86: Responded
D87: REH-MD01-MDU-EL-OC-Hil-1024-SCR-000015 | E87: OC-SCR-000449 | F87: 0 | G87: REH-MD01-MDU -Wadi Yemm - SCR – Clarification Regarding FTR Room Shaft Dimensions at Ground Floor – Plot 1024 | H87: 1024 | I87: 46216 | J87: 46217 | K87: Responded
D88: REH-MD01-MDU-EL-OC-Hil-1024-SCR-000016 | E88: OC-SCR-000450 | F88: 0 | G88: REH-MD01-MDU -Wadi Yemm - SCR – Clarification Regarding Missing Lighting Fixtures in Gym Area- plot 1024 | H88: 1024 | I88: 46216 | J88: 46221 | K88: Responded
D89: REH-MD01-MDU-EL-OC-Hil-1032-SCR-000002 | E89: OC-SCR-000463 | F89: 0 | G89: REH-MD01-MDU -Wadi Yemm - SCR – Clarification Regarding conflict Distribution Board locations/naming at SP02-Plot 1032 | H89: 1032 | I89: 46217 | J89: 46230 | K89: Responded
D90: REH-MD01-MDU-EL-OC-Hil-1047-SCR-000015 | E90: OC-SCR-000464 | F90: 0 | G90: REH-MD01-MDU -Wadi Yemm - Low Current System - Plot 1047 - Ground Floor Plan | H90: 1047 | I90: 46217 | J90: 46219 | K90: Responded
D91: REH-MD01-MDU-EL-OC-Hil-1024-SCR-000017 | E91: OC-SCR-000466 | F91: 0 | G91: REH-MD01-MDU -Wadi Yemm - Clarification Regarding Missing Data Outlet for CCTV Camera at the staircase– Basement 01 PLOT 1024 | H91: 1024 | I91: 46218 | J91: 46219 | K91: Responded
D92: REH-MD01-MDU-EL-OC-Hil-1047-SCR-000016 | E92: OC-SCR-000472 | F92: 0 | G92: REH-MD01-MDU -Wadi Yemm - Lighting System - Ground Floor of RA03 - Plot 1047 | H92: 1047 | I92: 46218 | J92: 46225 | K92: Responded
... D144: REH-MD01-MDU-EL-OC-Hil-1047-SCR-000020 | E144: OC-SCR-000689 | F144: 0 | G144: REH-MD01-MDU -Wadi Yemm - POWER System - Second Floor of RA03 - Plot 1047 | H144: 1047 | I144: 46240 | J144: 46244 | K144: Responded
D145: REH-MD01-MDU-EL-OC-Hil-XXXX-SCR-000029 | E145: OC-SCR-000697 | F145: 0 | G145: REH-MD01-MDU -Wadi Yemm - Missing Apartment Model for the lighting , power and low Current systems . | H145: XXXX | I145: 46242 | K145: Pending
D146: REH-MD01-MDU-EL-OC-Hil-XXXX-SCR-000030 | E146: OC-SCR-000698 | F146: 0 | G146: REH-MD01-MDU -Wadi Yemm - Installation Heights / levels for all wall-Mounted devices at Apartments | H146: XXXX | I146: 46242 | J146: 46246 | K146: Responded
D147: REH-MD01-MDU-EL-OC-Hil-1060-SCR-000002 | E147: OC-SCR-000699 | F147: 0 | G147: REH-MD01-MDU -Wadi Yemm - Conflict between riser diagram, design drawing and Earth Bar Connections in Mechanical Rooms at Sports Club - plot (1060) | H147: 1060 | I147: 46242 | J147: 46244 | K147: Responded
D148: REH-MD01-MDU-EL-OC-Hil-1060-SCR-000003 | E148: OC-SCR-000700 | F148: 0 | G148: REH-MD01-MDU -Wadi Yemm - Conflict between Design Drawings, Riser Diagram and Missing Earthing System for some rooms AT Sports Club - plot (1060) | H148: 1060 | I148: 46242 | J148: 46245 | K148: Responded
D149: REH-MD01-MDU-EL-OC-Hil-1028-SCR-000013 | E149: OC-SCR-000723 | F149: 0 | G149: REH-MD01-MDU -Wadi Yemm - FAÇADE LIGHTING DISCREPANCY – FIRST FLOOR – PLOT 1028 | H149: 1028 | I149: 46243 | J149: 46244 | K149: Responded
D150: REH-MD01-MDU-EL-OC-Hil-1028-SCR-000014 | E150: OC-SCR-000724 | F150: 0 | G150: REH-MD01-MDU -Wadi Yemm - LIGHTING DISCREPANCY – FIRST FLOOR – PLOT 1028 | H150: 1028 | I150: 46243 | J150: 46244 | K150: Responded
D151: REH-MD01-MDU-EL-OC-Hil-1037-SCR-000001 | E151: OC-SCR-000742 | F151: 0 | G151: REH-MD01-MDU -Wadi Yemm - Missing Shafts in Structural Drawings - PLOT 1037 | H151: 1037 | I151: 46244 | J151: 46251 | K151: Responded
D152: REH-MD01-MDU-EL-OC-Hil-1037-SCR-000002 | E152: OC-SCR-000743 | F152: 0 | G152: REH-MD01-MDU -Wadi Yemm - Missing Shafts in Structural Drawings - PLOT 1037 | H152: 1037 | I152: 46244 | J152: 46245 | K152: Responded
D153: REH-MD01-MDU-EL-OC-Hil-1034-SCR-000001 | E153: OC-SCR-000745 | F153: 0 | G153: REH-MD01-MDU -Wadi Yemm - Missing Shafts in Structural Drawings - PLOT 1034 | H153: 1034 | I153: 46244 | J153: 46247 | K153: Responded
D154: REH-MD01-MDU-EL-OC-Hil-1034-SCR-000002 | E154: OC-SCR-000746 | F154: 0 | G154: REH-MD01-MDU -Wadi Yemm - Missing Shafts in Structural Drawings - PLOT 1034 | H154: 1034 | I154: 46244 | J154: 46246 | K154: Responded
D155: REH-MD01-MDU-EL-OC-Hil-1024-SCR-000021 | E155: OC-SCR-000765 | F155: 0 | G155: REH-MD01-MDU -Wadi Yemm - SCR – Clarification Regarding Missing Fire Alarm Siren – First Floor – Plot 1024 | H155: 1024 | I155: 46245 | J155: 46245 | K155: Responded
D156: REH-MD01-MDU-EL-OC-Hil-1045-SCR-000001 | E156: OC-SCR-000769 | F156: 0 | G156: REH-MD01-MDU -Wadi Yemm - Lighting Circuit Wiring Clarification | H156: 1045 | I156: 46245 | J156: 46251 | K156: Responded
D157: REH-MD01-MDU-LI-OC-Hil-XXXX-SCR-000031 | E157: OC-SCR-000775 | F157: 0 | G157: REH-MD01-MDU -Wadi Yemm - SCR – Clarification Regarding Conflict Between Two Apartment Types – First Floor – Plot 1024 | H157: XXXX | I157: 46246 | J157: 46253 | K157: Responded
... D170: REH-MD01-MDU-LI-OC-Hil-1018-SCR-000004 | E170: OC-SCR-000844 | F170: 0 | G170: REH-MD01-MDU -Wadi Yemm - Lighting Circuit – Panel Connection Coordination | H170: 1018 | I170: 46252 | J170: 46258 | K170: Responded
D171: REH-MD01-MDU-EL-OC-Hil-XXXX-SCR-000039 | F171: 0 | G171: REH-MD01-MDU -Wadi Yemm - Heat Detectors in Kitchen Areas – IFC vs. Previous SCR Response | H171: XXXX | I171: 46252 | J171: 46298 | K171: Responded
D172: REH-MD01-MDU-EL-OC-Hil-1045-SCR-000005 | E172: OC-SCR-000845 | F172: 0 | G172: REH-MD01-MDU -Wadi Yemm - Power circuits arrangement - plot 1045 | H172: 1045 | I172: 46252 | J172: 46258 | K172: Responded
D173: REH-MD01-MDU-SS-OC-Hil-1018-SCR-000006 | E173: OC-SCR-000848 | F173: 0 | G173: REH-MD01-MDU -Wadi Yemm - Access Control Data Point Requirement _ plot 1018_ Ground Floor | H173: 1018 | I173: 46252 | J173: 46258 | K173: Responded
D174: REH-MD01-MDU-EL-OC-Hil-1026-SCR-000010 | E174: OC-SCR-000851 | F174: 0 | G174: REH-MD01-MDU -Wadi Yemm -Adding 2 Smoke Detectors Above False Ceiling At Plot 1026 | H174: 1026 | I174: 46252 | J174: 46257 | K174: Responded
D175: REH-MD01-MDU-EL-OC-Hil-1044-SCR-000006 | E175: OC-SCR-000852 | F175: 0 | G175: REH-MD01-MDU -Wadi Yemm - Clarification Request Regarding Control of Facade and Landscape Lighting - GROUND FLOOR - 1044 | H175: 1044 | I175: 46252 | J175: 46258 | K175: Responded
D176: REH-MD01-MDU-LI-OC-Hil-1045-SCR-000006 | E176: OC-SCR-000855 | F176: 0 | G176: REH-MD01-MDU -Wadi Yemm - Emergency Lighting Fixture and Circuit Clarification | H176: 1045 | I176: 46253 | J176: 46258 | K176: Responded
D177: REH-MD01-MDU-LI-OC-Hil-1018-SCR-000007 | E177: OC-SCR-000856 | F177: 0 | G177: REH-MD01-MDU -Wadi Yemm - Clarification of Lighting Control Arrangement - Plot 1018 - Ground Floor | H177: 1018 | I177: 46253 | J177: 46258 | K177: Responded
D178: REH-MD01-MDU-FA-OC-Hil-1046-SCR-000001 | E178: OC-SCR-000857 | F178: 0 | G178: REH-MD01-MDU -Wadi Yemm - DISCREPANCY BETWEEN FIRE ALARM DEVICES ON AV RACK & EVACUATION SPEAKERS - PLOT#1046 - GROUND FLOOR | H178: 1046 | I178: 46253 | J178: 46258 | K178: Responded
D179: REH-MD01-MDU-LI-OC-Hil-1018-SCR-000008 | E179: OC-SCR-000858 | F179: 0 | G179: REH-MD01-MDU -Wadi Yemm - Clarification of Life Safety Lighting Circuiting - Plot 1018 - Ground floor | H179: 1018 | I179: 46253 | J179: 46258 | K179: Responded
D180: REH-MD01-MDU-EL-OC-Hil-1018-SCR-000009 | E180: OC-SCR-000871 | F180: 0 | G180: REH-MD01-MDU -Wadi Yemm - DAP Socket – Power Supply Source-PLOT 1018 - GROUND FLOOR | H180: 1018 | I180: 46253 | J180: 46259 | K180: Responded
D181: REH-MD01-MDU-EL-OC-Hil-XXXX-SCR-000040 | E181: OC-SCR-000860 | F181: 0 | G181: REH-MD01-MDU -Wadi Yemm - SCR – Clarification Regarding Discrepancy Between Two Apartment Types (Power Design) – First Floor – Plot 1024 | H181: XXXX | I181: 46253 | J181: 46257 | K181: Responded
D182: REH-MD01-MDU-SS-OC-Hil-1045-SCR-000007 | E182: OC-SCR-000872 | F182: 0 | G182: REH-MD01-MDU -Wadi Yemm -Access Control Devices Installation at Entrance Gate - Plot 1045 | H182: 1045 | I182: 46253 | J182: 46264 | K182: Responded
D183: REH-MD01-MDU-FA-OC-Hil-1018-SCR-000010 | E183: OC-SCR-000873 | F183: 0 | G183: REH-MD01-MDU -Wadi Yemm - Clarifying the smoke detector at Plot 1018 - Ground Floor | H183: 1018 | I183: 46253 | J183: 46259 | K183: Responded
... D250: REH-MD01-MDU-EL-OC-Hil-1044-SCR-000009 | E250: OC-SCR-001139 | F250: 0 | G250: REH-MD01-MDU -Wadi Yemm - Panel Discrepancy – Plot 1044 | H250: 1044 | I250: 46278 | J250: 46281 | K250: Responded
D251: REH-MD01-MDU-EL-OC-Hil-1028-SCR-000021 | E251: OC-SCR-001141 | F251: 0 | G251: REH-MD01-MDU -Wadi Yemm - Clash Between Cable Trench and Structure Column at Plot 1028 RMU Room | H251: 1028 | I251: 46278 | J251: 46281 | K251: Responded
D252: REH-MD01-MDU-EL-OC-Hil-XXXX-SCR-000054 | E252: OC-SCR-001142 | F252: 0 | G252: REH-MD01-MDU -Wadi Yemm - Clarification on Lighting Control Philosophy for Common Areas – ECG vs. Shaker IFC Packages – (HILL) , (MODON) | H252: XXXX | I252: 46278 | J252: 46288 | K252: Responded
D253: REH-MD01-MDU-EL-OC-Hil-XXXX-SCR-000055 | E253: OC-SCR-001150 | F253: 0 | G253: REH-MD01-MDU -Wadi Yemm - Clarification Required – Medium Voltage Cable Type Between RMU and Transformer (HILL/MODON) | H253: XXXX | I253: 46279 | J253: 46286 | K253: Responded
D254: REH-MD01-MDU-FA-OC-Hil-XXXX-SCR-000056 | E254: OC-SCR-001151 | F254: 0 | G254: REH-MD01-MDU -Wadi Yemm - FACP Configuration (HILL/MODON) | H254: XXXX | I254: 46279 | J254: 46286 | K254: Responded
...

Sheet ME
G2: Site Clarification Request ( Mechanical )
D4: Ref. | E4: Mail No | F4: Rev. | G4: Subject | H4: Sub-Building | I4: Issue Date | J4: Received Date | K4: Action
D5: P0155-RA06-SCR-ME-OC-DAR-000001 | F5: 0 | G5: P0155 - K00146 – REH Wadi Yemm - Sea Town Center - MEP Elevators Builder work at plot 1024 | H5: RA06 | I5: 46015 | J5: 46096 | K5: Responded
D6: P0155-RA06-SCR-ME-OC-DAR-000002 | F6: 0 | G6: P0155 - K00146 – REH Wadi Yemm - Sea Town Center - MEP SUMP PIT Builder work at plot 1024 | H6: RA06 | I6: 46015 | J6: 46092 | K6: Responded
D7: P0155-RA06-SCR-ME-OC-DAR-000003 | F7: 0 | G7: P0155 - K00146 – REH Wadi Yemm - Sea Town Center - MEP TANKS Builder work at plot 1024 | H7: RA06 | I7: 46015 | J7: 46096 | K7: Responded
D8: P0155-RA06-SCR-ME-OC-DAR-000004 | F8: 0 | G8: P0155 - K00146 – REH Wadi Yemm - Sea Town Center - MEP Grease Interceptors Builder work at plot 1024 | H8: RA06 | I8: 46015 | J8: 46093 | K8: Responded
D9: P0155-RA04-SCR-ME-OC-DAR-000001 | F9: 0 | G9: P0155 - K00146 – REH Wadi Yemm - Sea Town Center - MEP Elevators Builder work at plot 1025 | H9: RA04 | I9: 46016 | J9: 46099 | K9: Responded
D10: P0155-RA04-SCR-ME-OC-DAR-000002 | F10: 0 | G10: P0155 - K00146 – REH Wadi Yemm - Sea Town Center - MEP SUMP PIT Builder work at plot 1025 | H10: RA04 | I10: 46016 | J10: 46099 | K10: Responded
D11: P0155-RA04-SCR-ME-OC-DAR-000003 | F11: 0 | G11: P0155 - K00146 – REH Wadi Yemm - Sea Town Center - MEP TANKS Builder work at plot 1025 | H11: RA04 | I11: 46016 | J11: 46099 | K11: Responded
D12: P0155-RA04-SCR-ME-OC-DAR-000004 | F12: 0 | G12: P0155 - K00146 – REH Wadi Yemm - Sea Town Center - MEP Grease Interceptors Builder work at plot 1025 | H12: RA04 | I12: 46016 | J12: 46100 | K12: Responded
D13: P0155-RA06-SCR-ME-OC-DAR-000005 | F13: 0 | G13: P0155 - K00146 – REH Wadi Yemm - Sea Town Center - Waste Pipes Slope and Invert Level at Plot 1024 | H13: RA06 | I13: 46023 | J13: 46085 | K13: Responded
D14: P0155-RA06-SCR-ME-OC-DAR-000006 | F14: 0 | G14: P0155 - K00146 – REH Wadi Yemm - Sea Town Center - Mechanical works retaining wall opening at Plot 1024 | H14: RA06 | I14: 46056 | J14: 46068 | K14: Responded
D15: P0155-RA07-SCR-ME-OC-DAR-000001 | F15: 0 | G15: P0155 - K00146 – REH Wadi Yemm - Sea Town Center - Sump Pits conflict at SP1 | H15: RA07 | I15: 46062 | J15: 46072 | K15: Responded
D16: P0155-RA04-SCR-AC-OC-DAR-000001 | F16: 0 | G16: P0155 - K00146 – REH Wadi Yemm - Sea Town Center - AC duct conflict with ramp retaining wall at plot 1025 | H16: RA04 | I16: 46067 | J16: 46085 | K16: Responded
D17: P0155-RA00-SCR-AC-OC-DAR-000001 | F17: 0 | G17: P0155 - K00146 – REH Wadi Yemm - Sea Town Center - Sump Pits conflict at SP1, SP3 and SP4 | H17: RA00 | I17: 46070 | J17: 46086 | K17: Responded
D18: P0155-RA04-SCR-ME-OC-DAR-000005 | F18: 0 | G18: P0155 - K00146 – REH Wadi Yemm - Sea Town Center -PARKING DRAIN ABOVEGROUND and Trench Drain at plote 1025 | H18: RA04 | I18: 46078 | K18: Pending
D19: REH-MD01-MDU-ME-OC-DAR-XXXX-SCR-000001 | F19: 0 | G19: REH-MD01-MDU - Wadi Yemm - Sea Town Center - Tanks and pump rooms mechanical works | H19: RA00 | I19: 46083 | J19: 46092 | K19: Responded
D20: REH-MD01-MDU-ME-OC-DAR-1025-SCR-000001 | F20: 0 | G20: REH-MD01-MDU - Wadi Yemm Combined fire and water tank at plot 1025 | H20: 1025 | I20: 46085 | J20: 46087 | K20: Responded
D21: REH-MD01-MDU-ME-OC-DAR-XXXX-SCR-000002 | F21: 0 | G21: REH-MD01-MDU - Wadi Yemm Tanks and pump rooms mechanical works at SP1, SP2, SP3, SP4 & SP6 | H21: RA00 | I21: 46090 | J21: 46142 | K21: Responded
D22: REH-MD01-MDU-ME-OC-DAR-XXXX-SCR-000003 | F22: 0 | G22: REH-MD01-MDU - Wadi Yemm H/L piping slopes and invert levels at ECG (RA01 : RA06) Plots | H22: RA00 | I22: 46090 | J22: 46096 | K22: Responded
D23: REH-MD01-MDU-ME-OC-DAR-XXXX-SCR-000004 | F23: 0 | G23: REH-MD01-MDU - Wadi Yemm H/L piping slopes and invert levels at SP1, SP2, SP3, SP4 & SP6 | H23: RA00 | I23: 46090 | J23: 46142 | K23: Responded
D24: REH-MD01-MDU-ME-OC-DAR-1047-SCR-000001 | F24: 0 | G24: REH-MD01-MDU - Wadi Yemm Plot 1047 - Arch & Drainage conflict | H24: 1047 | I24: 46093 | J24: 46097 | K24: Responded
D25: REH-MD01-MDU-ME-OC-DAR-XXXX-SCR-000005 | F25: 0 | G25: REH-MD01-MDU - Wadi Yemm -Bathrooms waste drainage at basement 01(proposal) | H25: RA00 | I25: 46128 | J25: 46135 | K25: Responded
D26: REH-MD01-MDU-ME-OC-DAR-XXXX-SCR-000006 | F26: 0 | G26: REH-MD01-MDU - Wadi Yemm -Bathrooms waste drainage at basement 02(proposal) | H26: RA00 | I26: 46128 | J26: 46135 | K26: Responded
D27: REH-MD01-MDU-ME-OC-DAR-XXXX-SCR-000007 | F27: 0 | G27: REH-MD01-MDU - Wadi Yemm - Tanks and pump rooms mechanical works | H27: RA00 | I27: 46131 | J27: 46134 | K27: Responded
D28: REH-MD01-MDU-AC-OC-DAR-1025-SCR-000001 | F28: 0 | G28: REH-MD01-MDU - Wadi Yemm - Clarification on Duct Material (Black Steel vs. Galvanized Steel) | H28: 1025 | I28: 46134 | J28: 46153 | K28: Responded
D29: REH-MD01-MDU-ME-OC-DAR-1024-SCR-000001 | F29: 0 | G29: REH-MD01-MDU - Wadi Yemm - Conflict between drainage pipes and structural caps at plot 1024 | H29: 1024 | I29: 46135 | J29: 46142 | K29: Responded
D30: REH-MD01-MDU-FS-OC-DAR-1036-SCR-000001 | F30: 0 | G30: REH-MD01-MDU - Wadi Yemm - Clarification Fire Hose Cabinet Location & Dimension at Stair Core | H30: 1036 | I30: 46138 | J30: 46142 | K30: Responded
... D32: REH-MD01-MDU-ME-OC-DAR-1024-SCR-000003 | F32: 0 | G32: REH-MD01-MDU - Wadi Yemm - Insufficient shaft opening for drainage pipes at plot 1024 | H32: 1024 | I32: 46138 | J32: 46140 | K32: Responded
D33: REH-MD01-MDU-ME-OC-DAR-1025-SCR-000002 | E33: REH-MD01-ME-OC-DAR-1025-SCR-02 | F33: 0 | G33: REH-MD01-MDU - Wadi Yemm - Insufficient cavity space behind plumbing fixtures for soil pipes at plot 1025 | H33: 1025 | I33: 46138 | J33: 46141 | K33: Responded
D34: REH-MD01-MDU-FS-OC-DAR-1028-SCR-000001 | E34: REH-MD01-FS-OC-DAR-1028-SCR-01 | F34: 0 | G34: REH-MD01-MDU - Wadi Yemm - Clarification on Domestic Pump Arrangement for plot 1028 (RA02) | H34: 1028 | I34: 46139 | J34: 46142 | K34: Responded
D35: REH-MD01-MDU-ME-OC-Hil-1036-SCR-000001 | E35: REH-MD01-ME-OC-Hil-1036-SCR-01 | F35: 0 | G35: REH-MD01-MDU - Wadi Yemm - Remark on Suction Line Arrangement, Tank Internal Walls, and Missing Drain – Fire Tank, Plot 1036 | H35: 1036 | I35: 46145 | J35: 46148 | K35: Responded
D36: REH-MD01-MDU-ME-OC-Hil-1024-SCR-000001 | E36: REH-MD01-ME-OC-Hil-1024-SCR-01 | F36: 0 | G36: REH-MD01-MDU - Wadi Yemm - Openings in Column Caps | H36: 1024 | I36: 46146 | J36: 46154 | K36: Responded
D37: REH-MD01-MDU-ME-OC-Hil-1024-SCR-000002 | E37: REH-MD01-ME-OC-Hil-1024-SCR-02 | F37: 0 | G37: REH-MD01-MDU - Wadi Yemm - Clarification of Shaft for Retails in RA06 | H37: 1024 | I37: 46146 | J37: 46147 | K37: Responded
D38: REH-MD01-MDU-ME-OC-Hil-1025-SCR-000001 | E38: REH-MD01-ME-OC-Hil-1025-SCR-01 | F38: 0 | G38: REH-MD01-MDU - Wadi Yemm - Clarification on irrigation water pipe Routing at Hardscape and Swimming pool area Plot RA04(1025) Ground Floor | H38: 1025 | I38: 46146 | J38: 46154 | K38: Responded
D39: REH-MD01-MDU-ME-OC-Hil-1025-SCR-000002 | E39: REH-MD01-ME-OC-Hil-1025-SCR-02 | F39: 0 | G39: REH-MD01-MDU - Wadi Yemm - Clarification on Trench Darin Pipe Plot RA04(1025) Ground Floor | H39: 1025 | I39: 46146 | J39: 46149 | K39: Responded
D40: REH-MD01-MDU-ME-OC-Hil-1028-SCR-000001 | E40: REH-MD01-ME-OC-Hil-1028-SCR-01 | F40: 0 | G40: REH-MD01-MDU - Wadi Yemm - Architectural shafts, mechanical and drainage Works Clash | H40: 1028 | I40: 46146 | J40: 46149 | K40: Responded
D41: REH-MD01-MDU-ME-OC-Hil-1025-SCR-000003 | E41: REH-MD01-ME-OC-Hil-1025-SCR-03 | F41: 0 | G41: REH-MD01-MDU - Wadi Yemm - Changes in Openings Due to Coordination Conflicts | H41: 1025 | I41: 46147 | J41: 46154 | K41: Responded
D42: REH-MD01-MDU-ME-OC-Hil-XXXX-SCR-000001 | E42: REH-MD01-ME-OC-Hil-xxxx-SCR-01 | F42: 0 | G42: REH-MD01-MDU - Wadi Yemm - Floor Drain Openings | H42: XXXX | I42: 46147 | J42: 46147 | K42: Responded
D43: REH-MD01-MDU-ME-OC-Hil-1030-SCR-000001 | E43: REH-MD01-ME-OC-Hil-1030-SCR-01 | F43: 00 | G43: REH-MD01-MDU - Wadi Yemm Request for Confirmation of Drainage Levels Relative to Road Level – Plot 1030 | H43: 1030 | I43: 46153 | J43: 46174 | K43: Responded
D44: REH-MD01-MDU-ME-OC-Hil-1025-SCR-000004 | E44: REH-MD01-ME-OC-Hil-1025-SCR-04 | F44: 00 | G44: REH-MD01-MDU - Wadi Yemm Request for Clarification – Missing Basement Groundwater & Rainwater Drainage Details Referenced in Structural Drawings | H44: 1025 | I44: 46154 | J44: 46163 | K44: Responded
D45: REH-MD01-MDU-ME-OC-Hil-XXXX-SCR-000002 | E45: OC-SCR-000025 | F45: 00 | G45: REH-MD01-MDU - Wadi Yemm - Clarification Required for Gate Valve Provision Before Fire Hose Cabinet | H45: XXXX | I45: 46154 | J45: 46158 | K45: Responded
D46: REH-MD01-MDU-ME-OC-Hil-XXXX-SCR-000003 | E46: OC-SCR-000026 | F46: 00 | G46: REH-MD01-MDU - Wadi Yemm - Discrepancy Between Fire Fighting Revit Model and General Detail Drawing for Zone Control Valve Set | H46: XXXX | I46: 46154 | J46: 46155 | K46: Responded
D47: REH-MD01-MDU-ME-OC-Hil-1047-SCR-000001 | E47: OC-SCR-000022 | F47: 00 | G47: REH-MD01-MDU - Wadi Yemm - Existing Openings In Structural Column Cap Openings (Plot -1047) | H47: 1047 | I47: 46154 | J47: 46162 | K47: Responded
D48: REH-MD01-MDU-ME-OC-Hil-1047-SCR-000002 | E48: OC-SCR-000023 | F48: 00 | G48: REH-MD01-MDU - Wadi Yemm - HVAC Duct Routing – Slab Openings Clarification - (Plot -1047) | H48: 1047 | I48: 46154 | J48: 46160 | K48: Responded
D49: REH-MD01-MDU-ME-OC-Hil-1047-SCR-000003 | E49: OC-SCR-000024 | F49: 00 | G49: REH-MD01-MDU - Wadi Yemm - Drainage Pipes at Ground Floor Passing Through Structural Column Cap. (Plot-1047) | H49: 1047 | I49: 46154 | J49: 46156 | K49: Responded
D50: REH-MD01-MDU-ME-OC-Hil-1028-SCR-000002 | E50: OC-SCR-000036 | F50: 00 | G50: REH-MD01-MDU - Wadi Yemm - Upper Floors Shaft Coordination Issue – Plot 1028 | H50: 1028 | I50: 46156 | J50: 46174 | K50: Responded
D51: REH-MD01-MDU-ME-OC-Hil-1029-SCR-000001 | E51: OC-SCR-000037 | F51: 00 | G51: REH-MD01-MDU - Wadi Yemm - Clarification Required for Overflow Pipe Level at Irrigation Tank – Plot 1029 | H51: 1029 | I51: 46156 | J51: 46174 | K51: Responded
D52: REH-MD01-MDU-ME-OC-Hil-1029-SCR-000002 | E52: OC-SCR-000038 | F52: 00 | G52: REH-MD01-MDU - Wadi Yemm - Clarification Required for Overflow Pipe Level at Domestic Pump Room 1 – Plot 1029 | H52: 1029 | I52: 46156 | J52: 46174 | K52: Responded
D53: REH-MD01-MDU-ME-OC-Hil-1047-SCR-000004 | E53: OC-SCR-000059 | F53: 00 | G53: REH-MD01-MDU - Wadi Yemm - Architectural Wall Conflict Within MEP Shaft - Ground Floor Slab - (Plot -1047). | H53: 1047 | I53: 46161 | J53: 46163 | K53: Responded
D54: REH-MD01-MDU-ME-OC-Hil-1047-SCR-000005 | E54: OC-SCR-000060 | F54: 00 | G54: REH-MD01-MDU - Wadi Yemm - Toilets Location above the column caps - Ground Floor Slab - (Plot -1047). | H54: 1047 | I54: 46161 | J54: 46163 | K54: Responded
... D214: REH-MD01-MDU-ME-OC-Hil-1027-SCR-000002 | E214: OC-SCR-001033 | F214: 00 | G214: REH-MD01-MDU - Wadi Yemm - Misalignment Between Mechanical Models and Architectural Model – Fortaleza – Plot 1027 | H214: 1027 | I214: 46267 | J214: 46273 | K214: Responded
D215: REH-MD01-MDU-ME-OC-Hil-1027-SCR-000003 | F215: 00 | G215: REH-MD01-MDU - Wadi Yemm - MEP Services Clashes with Structural & Architectural Elements – PLOT 1027 | H215: 1027 | I215: 46267 | J215: 46275 | K215: Responded
D216: REH-MD01-MDU-DR-OC-Hil-1021-SCR-000011 | E216: OC-SCR-001045 | F216: 00 | G216: REH-MD01-MDU - Wadi Yemm - Discrepancy in Inlet Invert Level Clearance & Sump Pit Height Calculation - 1021 in B02 floor . | H216: 1021 | I216: 46270 | J216: 46278 | K216: Responded
D217: REH-MD01-MDU-DR-OC-Hil-1022-SCR-000008 | F217: 00 | G217: REH-MD01-MDU - Wadi Yemm -Conflict Between Previous SCR Response and IFC Drawings – Drainage Shaft and Structural Beam | H217: 1022 | I217: 46270 | J217: 46278 | K217: Responded
D218: REH-MD01-MDU-DR-OC-Hil-1022-SCR-000009 | E218: OC-SCR-001065 | F218: 00 | G218: REH-MD01-MDU - Wadi Yemm - Missing Structural Opening and Architecture shaft opening for Drainage services | H218: 1022 | I218: 46271 | J218: 46280 | K218: Responded
D219: REH-MD01-MDU-DR-OC-Hil-1022-SCR-000010 | E219: OC-SCR-001069 | F219: 00 | G219: REH-MD01-MDU - Wadi Yemm - Opening Clash With Structural Framing – SP06 – Plot 1022 – Part 04 | H219: 1022 | I219: 46271 | J219: 46280 | K219: Responded
D220: REH-MD01-MDU-DR-OC-Hil-1022-SCR-000011 | E220: OC-SCR-001068 | F220: 00 | G220: REH-MD01-MDU - Wadi Yemm - Planter Drain Not Provided in Landscape Model – SP06 – Plot 1022 – Part 04 | H220: 1022 | I220: 46271 | J220: 46281 | K220: Responded
D221: REH-MD01-MDU-FS-OC-Hil-XXXX-SCR-000001 | E221: OC-SCR-001081 | F221: 00 | G221: REH-MD01-MDU - Wadi Yemm - Clarification Required for Fire Fighting Pipe Fittings Material | H221: XXXX | I221: 46272 | J221: 46281 | K221: Responded
D222: REH-MD01-MDU-DR-OC-Hil-1028-SCR-000001 | E222: OC-SCR-001085 | F222: 00 | G222: REH-MD01-MDU - Wadi Yemm - Stracture shaft opening clashes with Architectural wall -RA-02-Plot1028-ground floor | H222: 1028 | I222: 46273 | J222: 46274 | K222: Responded
D223: REH-MD01-MDU-DR-OC-Hil-1028-SCR-000002 | E223: OC-SCR-001086 | F223: 00 | G223: REH-MD01-MDU - Wadi Yemm - Structural shaft Opening in Column Cap RA-02-Plot1028-ground floor | H223: 1028 | I223: 46273 | J223: 46274 | K223: Responded
D224: REH-MD01-MDU-DR-OC-Hil-1022-SCR-000012 | E224: OC-SCR-001094 | F224: 00 | G224: REH-MD01-MDU - Wadi Yemm - Architectural Cavity Opening Clashing with Structural Beam – SP06-Plot 1018-Part 10 | H224: 1022 | I224: 46273 | J224: 46281 | K224: Responded
D225: REH-MD01-MDU-FS-OC-Hil-1027-SCR-000002 | E225: OC-SCR-001093 | F225: 00 | G225: REH-MD01-MDU - Wadi Yemm - FHC Cavities and Shaft Coordination – Fortaleza – Plot 1027 Basement 02 & 01 | H225: 1027 | I225: 46273 | J225: 46275 | K225: Responded
D226: REH-MD01-MDU-ME-OC-Hil-1022-SCR-000053 | E226: OC-SCR-001092 | F226: 00 | G226: REH-MD01-MDU - Wadi Yemm - Discrepancy Between IFC Landscape and IFC Swimming Pool Drawings – Pipes penetrating the Main Slab | H226: 1022 | I226: 46273 | J226: 46280 | K226: Responded
D227: REH-MD01-MDU-ME-OC-Hil-1022-SCR-000054 | E227: OC-SCR-001119 | F227: 00 | G227: REH-MD01-MDU - Wadi Yemm - Missing vacuum line in main swimming pool in ifc package -SP06-Plot1045- Part 17 | H227: 1022 | I227: 46274 | J227: 46282 | K227: Responded
D228: REH-MD01-MDU-DR-OC-Hil-1022-SCR-000013 | E228: OC-SCR-001118 | F228: 00 | G228: REH-MD01-MDU - Wadi Yemm - Planter Drain Not Provided in Landscape Model -SP06-Plot1045-Part 17 | H228: 1022 | I228: 46274 | J228: 46286 | K228: Responded
D229: REH-MD01-MDU-DR-OC-Hil-1031-SCR-000002 | E229: OC-SCR-001131 | F229: 00 | G229: REH-MD01-MDU - Wadi Yemm - Conflict Between Drainage Pipes and Beams at Attic Slab below lower ground slab - SP02- 1031 | H229: 1031 | I229: 46278 | J229: 46280 | K229: Responded
... D241: REH-MD01-MDU-ME-OC-Hil-XXXX-SCR-000017 | E241: OC-SCR-001165 | F241: 00 | G241: REH-MD01-MDU - Wadi Yemm - IRRIGATION TANK EMERGENCY PUMP REQUIREMENT (Shaker). | H241: XXXX | I241: 46279 | J241: 46289 | K241: Responded
D242: REH-MD01-MDU-DR-OC-Hil-1023-SCR-000001 | E242: OC-SCR-001178 | F242: 00 | G242: REH-MD01-MDU - Wadi Yemm - Trench Drain Location Above Water Supply Tank - 1st Basement Floor Slab - (Plot -1023). | H242: 1023 | I242: 46280 | J242: 46288 | K242: Responded
D243: REH-MD01-MDU-DR-OC-Hil-1021-SCR-000012 | E243: OC-SCR-001180 | F243: 00 | G243: REH-MD01-MDU - Wadi Yemm - Clarification about Accessibility of Drainage Pipes within the Attic Slab - 1021 in Ground floor . | H243: 1021 | I243: 46280 | J243: 46288 | K243: Responded
D244: REH-MD01-MDU-DR-OC-Hil-1022-SCR-000016 | E244: OC-SCR-001181 | F244: 00 | G244: REH-MD01-MDU - Wadi Yemm - Mep Service Clash With Structure Framing and column caps -SP06-Plot1045-Part 17 | H244: 1022 | I244: 46280 | J244: 46289 | K244: Responded
D245: REH-MD01-MDU-DR-OC-Hil-1031-SCR-000003 | E245: OC-SCR-001182 | F245: 00 | G245: REH-MD01-MDU - Wadi Yemm - Clarification for Adding Double Wall in handicap Toilets to Accommodate Water Supply and Drainage Pipes SP02 - 103 | H245: 1031 | I245: 46280 | J245: 46289 | K245: Responded
D246: REH-MD01-MDU-AC-OC-Hil-XXXX-SCR-000003 | E246: OC-SCR-001190 | F246: 00 | G246: REH-MD01-MDU - Wadi Yemm - Missing Specification and HVAC Data (ECG Package) | H246: XXXX | I246: 46282 | J246: 46285 | K246: Responded
D247: REH-MD01-MDU-DR-OC-Hil-1029-SCR-000019 | E247: OC-SCR-001192 | F247: 00 | G247: REH-MD01-MDU - Wadi Yemm - SP01 (Q4-1037) 1st Floor Conflict between ARCH model with Pluming Opening | H247: 1029 | I247: 46281 | J247: 46286 | K247: Responded
D248: REH-MD01-MDU-DR-OC-Hil-1029-SCR-000020 | E248: OC-SCR-001193 | F248: 00 | G248: REH-MD01-MDU - Wadi Yemm - SP01 (Q4-1037) 1st Floor Missing Storm Floor Drain Piping | H248: 1029 | I248: 46281 | J248: 46286 | K248: Responded
D249: REH-MD01-MDU-ME-OC-Hil-1029-SCR-000016 | E249: OC-SCR-001195 | F249: 00 | G249: REH-MD01-MDU - Wadi Yemm - A Conflict Between ID and ST and ARCH Openings for Drainage and Gas Pipes in Kitchen Shafts – SP01-plot 1035 | H249: 1029 | I249: 46281 | J249: 46288 | K249: Responded
D250: REH-MD01-MDU-ME-OC-Hil-1029-SCR-000017 | E250: OC-SCR-001196 | F250: 00 | G250: REH-MD01-MDU - Wadi Yemm - A Conflict Between Structure and Arch opening and structure framing below – SP01-plot 1035 | H250: 1029 | I250: 46281 | J250: 46289 | K250: Responded
D251: REH-MD01-MDU-ME-OC-Hil-XXXX-SCR-000018 | E251: OC-SCR-001197 | F251: 00 | G251: REH-MD01-MDU - Wadi Yemm - Missing Tank Circulation Pump Schedule | H251: XXXX | I251: 46281 | J251: 46285 | K251: Responded
D252: REH-MD01-MDU-SP-OC-Hil-1029-SCR-000001 | E252: OC-SCR-001198 | F252: 00 | G252: REH-MD01-MDU - Wadi Yemm - SP01 (Q4-1037) Conflict between Heat Pump Piping and Pressurized HVAC Opening | H252: 1029 | I252: 46281 | J252: 46294 | K252: Responded
D253: REH-MD01-MDU-AC-OC-Hil-1025-SCR-000002 | E253: OC-SCR-001216 | F253: 00 | G253: REH-MD01-MDU - Wadi Yemm - Clarification on Supply and Exhaust Air Duct Dimensions – Plot 1025 – Fourth Floor | H253: 1025 | I253: 46282 | J253: 46285 | K253: Responded
D254: REH-MD01-MDU-SP-OC-Hil-1022-SCR-000001 | E254: OC-SCR-001218 | F254: 00 | G254: REH-MD01-MDU - Wadi Yemm - Discrepancy Between IFC Landscape and IFC Swimming Pool Drawings – Pipes penetrating the Main Slab | H254: 1022 | I254: 46282 | J254: 46288 | K254: Responded
D255: REH-MD01-MDU-ME-OC-Hil-1025-SCR-000005 | E255: OC-SCR-001236 | F255: 00 | G255: REH-MD01-MDU - Wadi Yemm - Missing Architecture and Strucutre Openings for MEP Service-RA-04-Plot1025-4th floor | H255: 1025 | I255: 46284 | J255: 46287 | K255: Responded
D256: REH-MD01-MDU-DR-OC-Hil-XXXX-SCR-000005 | E256: OC-SCR-001252 | F256: 00 | G256: REH-MD01-MDU - Wadi Yemm - Clarification Sand Interseptor Design Flow Rate (ECG Plots | H256: XXXX | I256: 46285 | J256: 46286 | K256: Responded
D257: REH-MD01-MDU-DR-OC-Hil-1022-SCR-000017 | E257: OC-SCR-001254 | F257: 00 | G257: REH-MD01-MDU - Wadi Yemm - Conflict Between Drain Pipes Within Cavity Walls and Structural Framing Plot-1046 Part-21 | H257: 1022 | I257: 46285 | J257: 46289 | K257: Responded
D258: REH-MD01-MDU-DR-OC-Hil-XXXX-SCR-000006 | E258: OC-SCR-001258 | F258: 00 | G258: REH-MD01-MDU - Wadi Yemm - Clarification of Oil/Sand Interceptor Requirement | H258: XXXX | I258: 46285 | J258: 46292 | K258: Responded
D259: REH-MD01-MDU-DR-OC-Hil-1031-SCR-000004 | E259: OC-SCR-001268 | F259: 00 | G259: REH-MD01-MDU - Wadi Yemm - Clarification aboyt Conflict Between Architectural Cavity Opening and Structural Beam-SP02-Plot1031-Ground floor | H259: 1031 | I259: 46286 | J259: 46294 | K259: Responded
D260: REH-MD01-MDU-ME-OC-Hil-1031-SCR-000001 | E260: OC-SCR-001269 | F260: 00 | G260: REH-MD01-MDU - Wadi Yemm - Conflict Between Swimming Pool Mechanical Pipe and Structural Slab at Swimming Pool Area -SP02-Plot1031-GF | H260: 1031 | I260: 46286 | K260: Pending
D261: REH-MD01-MDU-ME-OC-Hil-1031-SCR-000002 | E261: OC-SCR-001270 | F261: 00 | G261: REH-MD01-MDU - Wadi Yemm - Conflict Between Swimming Pool Mechanical Pipe and Structural beam at Swimming Pool Area -SP02-Plot1031-GF | H261: 1031 | I261: 46286 | J261: 46301 | K261: Responded
D262: REH-MD01-MDU-ME-OC-Hil-XXXX-SCR-000019 | E262: OC-SCR-001271 | F262: 00 | G262: REH-MD01-MDU - Wadi Yemm - Clarification Required for Fire Hose Cabinet Installation | H262: XXXX | I262: 46286 | J262: 46295 | K262: Responded
D263: REH-MD01-MDU-ME-OC-Hil-XXXX-SCR-000020 | E263: OC-SCR-001273 | F263: 00 | G263: REH-MD01-MDU - Wadi Yemm - Clarification for Aboveground Water Supply Pipe Material for Diameters Exceeding 100 mm (4") | H263: XXXX | I263: 46286 | J263: 46289 | K263: Responded
D264: REH-MD01-MDU-DR-OC-Hil-1027-SCR-000001 | E264: OC-SCR-001274 | F264: 00 | G264: REH-MD01-MDU - Wadi Yemm - Discrepancy Between Architectural Bathroom Fixtures and Drainage Connections | H264: 1027 | I264: 46286 | J264: 46293 | K264: Responded
D265: REH-MD01-MDU-ME-OC-Hil-1027-SCR-000004 | E265: OC-SCR-001276 | F265: 00 | G265: REH-MD01-MDU - Wadi Yemm - Missing MEP Shaft for Water Supply Pipes – Plot 1027 | H265: 1027 | I265: 46287 | J265: 46288 | K265: Responded
D266: REH-MD01-MDU-DR-OC-Hil-1026-SCR-000002 | E266: OC-SCR-001278 | F266: 00 | G266: REH-MD01-MDU - Wadi Yemm - Missing Balacony drain and Planter Drain -RA-04-Plot1026-First Floor Level | H266: 1026 | I266: 46287 | J266: 46288 | K266: Responded
D267: REH-MD01-MDU-ME-OC-Hil-1025-SCR-000006 | E267: OC-SCR-001279 | F267: 00 | G267: REH-MD01-MDU - Wadi Yemm - Basement Sprinkler Zone Control Valve Arrangement – Basement 02 | H267: 1025 | I267: 46287 | J267: 46288 | K267: Responded
D268: REH-MD01-MDU-ME-OC-Hil-1025-SCR-000007 | E268: OC-SCR-001280 | F268: 00 | G268: REH-MD01-MDU - Wadi Yemm - Basement 02 Fire Protection Area Exceeding ZCV Limit | H268: 1025 | I268: 46287 | J268: 46288 | K268: Responded
D269: REH-MD01-MDU-ME-OC-Hil-1028-SCR-000005 | E269: OC-SCR-001292 | F269: 00 | G269: REH-MD01-MDU - Wadi Yemm - Clarification of Required CO₂ Capacity for Fire Suppression System – LV Room, Basement 01, Plot 1028 | H269: 1028 | I269: 46287 | J269: 46288 | K269: Responded
D270: REH-MD01-MDU-ME-OC-Hil-1021-SCR-000009 | E270: OC-SCR-001298 | F270: 00 | G270: REH-MD01-MDU - Wadi Yemm - HVAC Ducts, Drain Pipes Clash with Structural Plans in Basement 02 - SP04 - Plot1021 | H270: 1021 | I270: 46288 | J270: 46294 | K270: Responded
D271: REH-MD01-MDU-SP-OC-Hil-1043-SCR-000001 | E271: OC-SCR-001299 | F271: 00 | G271: REH-MD01-MDU - Wadi Yemm - Clarification balancing tanks Dimensions of SP07-1043 swimming pools. | H271: 1043 | I271: 46288 | J271: 46296 | K271: Responded
D272: REH-MD01-MDU-ME-OC-Hil-1023-SCR-000001 | E272: OC-SCR-001304 | F272: 00 | G272: REH-MD01-MDU - Wadi Yemm - Irrigation Tank Compartment Configuration - Basement 02 – Plot 1023 | H272: 1023 | I272: 46288 | J272: 46296 | K272: Responded
D273: REH-MD01-MDU-DR-OC-Hil-1022-SCR-000018 | E273: OC-SCR-001312 | F273: 00 | G273: REH-MD01-MDU - Wadi Yemm - Architectural and Structural Conflict Affecting MEP Pipe Routing – SP06 – Plot 1046 | H273: 1022 | I273: 46289 | K273: Pending
...

Sheet Telecom
D2: Site Clarification Request ( Telecommunication )
A4: Ref. | B4: Mail No | C4: Rev. | D4: Subject | E4: Sub-Building | F4: Issue Date | G4: Received Date | H4: Action
A5: REH-MD01-MDU-TE-OC-Hil-XXXX-SCR-000032 | B5: OC-SCR-000790 | C5: 0 | D5: REH-MD01-MDU -Wadi Yemm - ONT/ONU Conduit For Incoming Cable Conflication | E5: XXXX | F5: 46247 | G5: 46251 | H5: Responded
A6: REH-MD01-MDU-TE-OC-Hil-XXXX-SCR-000033 | B6: OC-SCR-000808 | C6: 0 | D6: REH-MD01-MDU -Wadi Yemm - Clarification Required for Disabled Toilet Alarm system (System Configuration - Control Panel Capacity) | E6: XXXX | F6: 46247 | G6: 46251 | H6: Responded
A7: REH-MD01-MDU-TE-OC-Hil-XXXX-SCR-000034 | B7: OC-SCR-000809 | C7: 0 | D7: REH-MD01-MDU -Wadi Yemm - Clarification Required for Disabled Toilet Alarm system ( Spare Parts - UL Approval - Emergency Power Supply ) | E7: XXXX | F7: 46247 | G7: 46253 | H7: Responded
A8: REH-MD01-MDU-TE-OC-Hil-1044-SCR-000005 | B8: OC-SCR-000810 | C8: 0 | D8: REH-MD01-MDU -Wadi Yemm - AV SYSTEM OF KIDS ROOM - GROUND FLOOR - 1044 | E8: 1044 | F8: 46247 | G8: 46253 | H8: Responded
A9: REH-MD01-MDU-TE-OC-Hil-1018-SCR-000001 | B9: OC-SCR-000820 | C9: 0 | D9: REH-MD01-MDU -Wadi Yemm - Missing Data Outlet for LCP at Plot 1018 | E9: 1018 | F9: 46251 | G9: 46257 | H9: Responded
A10: REH-MD01-MDU-TE-OC-Hil-1018-SCR-000002 | B10: OC-SCR-000831 | C10: 0 | D10: REH-MD01-MDU -Wadi Yemm - Missing Fiber Optic Rack for ONU at Ground Floor FTR Room in Plot 1018 | E10: 1018 | F10: 46251 | G10: 46257 | H10: Responded
A11: REH-MD01-MDU-TE-OC-Hil-1022-SCR-000004 | B11: OC-SCR-000832 | C11: 0 | D11: REH-MD01-MDU -Wadi Yemm - Access Control Devices Installation at Entrance Gate -Plot 1022 | E11: 1022 | F11: 46251 | G11: 46258 | H11: Responded
A12: REH-MD01-MDU-TE-OC-Hil-XXXX-SCR-000038 | B12: OC-SCR-000842 | C12: 0 | D12: REH-MD01-MDU -Wadi Yemm - DAS Room Minimum Space Requirement – Clarification Request | E12: XXXX | F12: 46252 | G12: 46258 | H12: Responded
A13: REH-MD01-MDU-TE-OC-Hil-1018-SCR-000005 | B13: OC-SCR-000847 | C13: 0 | D13: REH-MD01-MDU -Wadi Yemm - LOCATION OF IT RACK IN MULTIPURPOSE ROOM - Plot 1018 | E13: 1018 | F13: 46252 | G13: 46258 | H13: Responded
A14: REH-MD01-MDU-TE-OC-Hil-1045-SCR-000008 | B14: OC-SCR-000877 | C14: 0 | D14: REH-MD01-MDU -Wadi Yemm - AV System – Speaker Quantity & AV Wall Outlet Coordination - 1045 | E14: 1045 | F14: 46253 | G14: 46259 | H14: Responded
A15: REH-MD01-MDU-TE-OC-Hil-XXXX-SCR-000041 | B15: OC-SCR-000885 | C15: 0 | D15: REH-MD01-MDU -Wadi Yemm - Different Design Details in LC SLDs – Clarification Request | E15: XXXX | F15: 46254 | G15: 46260 | H15: Responded
A16: REH-MD01-MDU-TE-OC-Hil-1026-SCR-000014 | B16: OC-SCR-000990 | C16: 0 | D16: REH-MD01-MDU -Wadi Yemm - Missing Door Controller panels and Data Points & Level Discrepancy in IFC/PDF drawings - ground floor plot (1026) | E16: 1026 | F16: 46265 | G16: 46266 | H16: Responded
... A19: REH-MD01-MDU-TE-OC-Hil-XXXX-SCR-000059 | B19: OC-SCR-001154 | C19: 0 | D19: REH-MD01-MDU -Wadi Yemm - Clarification for Telecommunication – External Interface (HILL/MODON) | E19: XXXX | F19: 46279 | G19: 46286 | H19: Responded
A20: REH-MD01-MDU-TE-OC-Hil-1018-SCR-000022 | B20: OC-SCR-001163 | C20: 0 | D20: REH-MD01-MDU -Wadi Yemm - RACK AND SLAB OPENING Clarification - PLOT 1018-FIRST BASEMENT&GROUND FLOOR | E20: 1018 | F20: 46279 | G20: 46282 | H20: Responded
A21: REH-MD01-MDU-TE-OC-Hil-1023-SCR-000001 | B21: OC-SCR-001177 | C21: 0 | D21: REH-MD01-MDU -Wadi Yemm - CHANGE THE SHAFT LOCATION FOR LIGHT CURRENT | E21: 1023 | F21: 46280 | G21: 46294 | H21: Responded
A22: REH-MD01-MDU-TE-OC-Hil-XXXX-SCR-000066 | B22: OC-SCR-001275 | C22: 0 | D22: REH-MD01-MDU - Wadi Yemm - Clarification of Our Scope Regarding Low Current Systems Components (ECG/Shaker) | E22: XXXX | F22: 46286 | H22: Pending
A23: REH-MD01-MDU-TE-OC-Hil-1031-SCR-000005 | B23: OC-SCR-001277 | C23: 00 | D23: REH-MD01-MDU - Wadi Yemm - Clarification Regarding AMENITIES Telecom Single Line Diagram System - SP02 | E23: 1031 | F23: 46287 | G23: 46289 | H23: Responded
A24: REH-MD01-MDU-TE-OC-Hil-1046-SCR-000015 | B24: OC-SCR-001457 | C24: 00 | D24: REH-MD01-MDU-TE-OC-Hil-1046-SCR-000015 - Clarification of Apartment Type Discrepancy - PLOT 1046-FIRST FLOOR | E24: 1046 | F24: 46302 | H24: Pending
A25: REH-MD01-MDU-TE-OC-Hil-1046-SCR-000016 | B25: OC-SCR-001475 | C25: 00 | D25: REH-MD01-MDU-TE-OC-Hil-1046-SCR-000016 - Clarification of Camera Data Outlets - PLOT 1046-FIRST FLOOR | E25: 1046 | F25: 46302 | H25: Pending
